type,beds,baths,garage,lot_sqft,sqft,stories,listPrice,age_range
5,4,4,1,5615.0,3000.0,2,750000.0,4
5,4,3,2,6566.0,2900.0,2,499900.0,1
5,4,2,3,5375.0,1170.0,2,325600.0,4
5,4,3,2,6138.0,2511.0,2,620000.0,4
5,4,4,2,8476.0,2870.0,3,850000.0,1
5,4,3,2,3811.0,2800.0,2,599000.0,1
5,5,5,2,3125.0,4200.0,2,1500000.0,0
5,2,2,2,3775.0,1637.0,2,110000.0,4
5,3,3,2,4375.0,2600.0,1,599990.0,4
5,4,2,2,3149.0,3150.0,2,399900.0,4
5,3,3,2,6970.0,2117.0,2,324999.0,1
5,4,3,2,8500.0,1984.0,2,624900.0,1
5,4,5,2,3751.0,1550.0,2,1150000.0,0
5,2,2,2,3750.0,1800.0,2,249900.0,3
5,3,4,2,3125.0,1550.0,2,899000.0,1
5,4,4,2,8390.0,4632.0,2,1075000.0,3
4,5,2,2,3660.0,1550.0,2,559000.0,1
5,5,4,2,8650.0,4557.0,2,1350000.0,4
5,5,4,2,9845.0,3489.0,2,674900.0,4
5,6,11,3,25975.0,25000.0,3,23500000.0,0
4,7,5,2,2900.0,1550.0,2,244400.0,0
1,3,2,2,3751.0,1550.0,4,49900.0,0
6,2,1,2,3751.0,1000.0,2,34900.0,3
5,3,2,2,5924.0,1567.0,2,215000.0,4
5,3,4,1,7841.0,1904.0,2,825000.0,4
5,5,2,2,3049.0,1700.0,2,219900.0,1
5,3,2,1,6874.0,1360.0,2,249999.0,1
5,5,5,2,11748.0,6000.0,2,649000.0,3
5,3,3,2,3751.0,1550.0,1,399900.0,4
5,4,1,2,3751.0,1100.0,2,250000.0,2
5,4,2,1,3500.0,3900.0,2,425000.0,1
5,3,2,2,3125.0,2200.0,2,319000.0,3
5,4,4,2,2657.0,3896.0,2,1875000.0,0
5,4,2,2,4125.0,1400.0,2,339900.0,4
5,5,3,2,3750.0,2100.0,2,625000.0,4
5,3,3,1,3751.0,1800.0,2,349900.0,1
5,7,3,2,3751.0,2352.0,2,115000.0,2
5,3,3,1,3485.0,2250.0,2,384500.0,3
5,5,4,2,3125.0,1550.0,3,1650000.0,4
5,3,3,2,3751.0,2527.0,1,354999.0,3
5,4,3,2,3123.0,1680.0,2,620000.0,1
5,4,6,2,1664.0,4000.0,3,2049000.0,0
5,4,2,1,3750.0,1240.0,2,224900.0,3
5,2,2,1,3751.0,1053.0,1,199900.0,4
5,2,2,2,3751.0,2200.0,2,265000.0,1
5,3,1,2,3751.0,1200.0,1,145000.0,4
5,4,4,2,3123.0,2725.0,3,965000.0,0
4,5,7,2,3751.0,1550.0,2,2699999.0,1
5,4,2,2,3750.0,1550.0,2,285000.0,4
5,5,2,2,3751.0,1848.0,2,199999.0,1
5,2,2,2,3751.0,1550.0,2,410000.0,1
5,3,2,2,3125.0,1500.0,3,750000.0,2
5,2,1,1,3500.0,1000.0,1,195000.0,1
5,3,2,2,4182.0,1628.0,2,279900.0,1
5,3,1,2,3780.0,2093.0,2,535000.0,1
5,4,2,2,3750.0,2100.0,3,925000.0,1
5,5,3,2,3180.0,1980.0,3,850000.0,2
5,3,1,2,3751.0,1020.0,1,24000.0,3
5,4,1,2,3149.0,1600.0,2,179900.0,4
5,3,2,2,3751.0,1292.0,2,299900.0,4
5,2,2,2,3093.0,893.0,1,275000.0,3
5,2,2,1,4373.0,1335.0,1,459900.0,4
5,4,2,2,2880.0,714.0,2,129900.0,1
5,4,3,2,3125.0,3125.0,2,529000.0,1
5,3,2,2,3780.0,1008.0,1,319000.0,4
5,4,2,2,3750.0,1319.0,2,250000.0,4
5,4,3,2,3125.0,1716.0,2,620000.0,4
5,3,2,2,3750.0,1060.0,1,335000.0,4
1,2,2,2,3751.0,1225.0,2,465000.0,3
5,3,1,2,3750.0,1127.0,2,190000.0,1
1,2,1,2,3751.0,1200.0,1,280000.0,1
4,8,4,2,3125.0,1550.0,2,649900.0,2
5,1,1,2,3751.0,905.0,3,112000.0,1
4,8,3,2,3485.0,3850.0,2,799900.0,1
5,2,1,2,3125.0,968.0,1,345000.0,3
1,3,3,1,3751.0,1550.0,3,725000.0,1
5,2,2,2,3125.0,2200.0,2,599000.0,0
5,1,0,2,4374.0,1300.0,1,450000.0,1
1,3,2,2,3751.0,1600.0,1,350000.0,4
4,6,5,2,3485.0,1550.0,2,549000.0,3
5,3,3,2,3751.0,2889.0,2,824000.0,0
5,3,2,2,6970.0,1348.0,2,199900.0,3
5,4,2,2,3125.0,977.0,2,129900.0,4
1,1,1,2,3751.0,1550.0,5,375000.0,1
1,3,3,1,3751.0,2615.0,4,1199999.0,0
1,3,2,2,3751.0,1550.0,4,949000.0,0
1,2,1,1,3751.0,1400.0,3,399000.0,4
4,4,2,2,3485.0,1550.0,2,575000.0,1
1,2,2,1,3751.0,1200.0,3,285000.0,0
1,2,2,2,3751.0,1550.0,3,315000.0,1
4,9,6,2,3125.0,1550.0,2,949000.0,0
1,3,3,2,3751.0,2283.0,3,498000.0,0
1,2,2,1,3751.0,1550.0,3,710000.0,0
1,3,3,2,3751.0,1550.0,3,699900.0,0
1,2,2,2,3751.0,950.0,3,260000.0,1
1,2,1,2,3751.0,1550.0,3,345000.0,1
1,3,3,2,3751.0,2000.0,1,360000.0,4
1,2,1,2,6200.0,942.0,3,289900.0,4
1,2,3,2,3751.0,2167.0,4,899000.0,4
1,1,1,36,3751.0,1550.0,7,329900.0,0
1,3,2,1,3751.0,1550.0,3,765000.0,0
1,4,3,1,3751.0,2300.0,4,965000.0,0
1,3,2,2,3751.0,1550.0,3,525000.0,1
1,2,2,2,3751.0,780.0,3,299900.0,4
1,2,2,2,3751.0,1200.0,4,229900.0,4
4,5,3,2,4375.0,1550.0,2,559000.0,1
1,2,2,2,3751.0,1200.0,1,249900.0,0
1,4,4,1,3751.0,4400.0,4,2450000.0,0
6,3,3,2,1586.0,3200.0,3,1150000.0,0
1,4,3,3,3751.0,1550.0,4,1450000.0,0
6,3,3,2,3751.0,2382.0,4,649900.0,0
1,3,2,2,3751.0,1400.0,3,204900.0,1
1,3,3,1,3751.0,2340.0,3,975000.0,0
4,6,2,2,3751.0,1550.0,2,649900.0,2
1,2,2,1,3751.0,1550.0,3,735000.0,0
4,5,2,2,3485.0,1550.0,2,284900.0,1
1,3,2,2,3751.0,1600.0,3,469000.0,1
6,2,2,1,2142.0,992.0,2,219900.0,4
1,3,3,2,3751.0,2300.0,4,325000.0,1
1,4,5,1,3751.0,4000.0,4,1599000.0,0
6,4,5,1,3751.0,3800.0,4,1050000.0,3
4,6,3,2,6098.0,3000.0,2,600000.0,1
1,2,2,1,3751.0,1116.0,3,450000.0,1
4,4,2,2,2698.0,1550.0,2,699900.0,1
1,2,1,1,3751.0,900.0,1,335000.0,3
1,2,2,2,3751.0,1350.0,4,629000.0,4
1,3,4,2,3751.0,4500.0,12,1495000.0,1
1,2,2,1,3751.0,1200.0,3,389000.0,0
1,2,1,2,3751.0,1550.0,4,385000.0,1
4,6,2,2,3751.0,1550.0,2,265000.0,1
4,8,5,2,2616.0,1550.0,2,1229900.0,4
1,3,2,1,3751.0,1550.0,4,635000.0,0
1,3,2,2,3751.0,2000.0,3,450000.0,4
1,3,3,2,3751.0,1850.0,4,600000.0,0
1,2,2,2,3751.0,1000.0,3,175000.0,4
1,3,3,1,3751.0,1700.0,4,850000.0,0
1,1,1,2,3751.0,1550.0,2,155000.0,3
1,2,2,2,3751.0,1296.0,3,397999.0,0
1,2,2,2,3751.0,1200.0,3,259999.0,0
4,7,3,2,2475.0,1550.0,2,694995.0,2
1,3,2,1,3751.0,1800.0,4,885000.0,0
4,5,2,2,2614.0,1550.0,2,171000.0,1
4,7,3,2,3125.0,1550.0,2,410000.0,1
1,1,1,2,3751.0,800.0,3,145900.0,3
1,2,2,2,3751.0,1000.0,3,325000.0,1
4,5,2,2,3125.0,1550.0,2,288000.0,1
4,6,3,2,3125.0,1550.0,2,510000.0,1
1,1,1,1,3751.0,1000.0,4,409900.0,1
1,1,1,1,3751.0,1550.0,10,295000.0,1
1,0,1,2,3751.0,505.0,10,149900.0,1
1,2,2,1,3751.0,1359.0,7,400000.0,0
1,2,2,1,3751.0,1200.0,28,180000.0,3
1,2,2,2,3751.0,1217.0,4,450000.0,1
1,1,1,1,3751.0,1550.0,6,399900.0,0
1,2,1,2,3751.0,900.0,3,215000.0,4
1,2,2,1,3751.0,1425.0,57,464000.0,3
1,4,2,2,3751.0,1600.0,3,475000.0,4
1,1,1,2,3751.0,1550.0,3,140000.0,4
1,1,1,2,3751.0,750.0,3,139000.0,3
1,2,2,2,3751.0,1600.0,4,389900.0,4
1,2,2,2,3751.0,1550.0,6,214900.0,3
1,2,1,1,3751.0,980.0,4,319000.0,0
1,2,1,2,3751.0,1550.0,4,134900.0,3
1,2,1,2,3751.0,1550.0,3,319500.0,4
4,6,3,2,3751.0,1550.0,2,299000.0,4
1,2,1,2,3751.0,1550.0,3,199900.0,4
1,2,1,1,3751.0,1039.0,10,399000.0,0
1,1,1,1,3751.0,1550.0,35,280000.0,0
1,1,2,1,3751.0,1470.0,66,575000.0,3
1,2,2,1,3751.0,1175.0,16,445000.0,0
6,3,3,2,1984.0,1670.0,2,469000.0,0
1,1,1,2,3751.0,725.0,60,339000.0,3
1,0,1,1,3751.0,1550.0,59,209900.0,0
1,1,1,1,3751.0,1100.0,70,410000.0,3
1,1,1,1,3751.0,800.0,40,249900.0,3
1,4,4,1,3751.0,2400.0,3,1169000.0,0
1,1,1,1,3751.0,750.0,23,245000.0,4
1,1,1,1,3751.0,735.0,26,200000.0,3
1,1,1,2,3751.0,860.0,45,365000.0,0
1,1,1,2,3751.0,1550.0,46,260000.0,0
1,1,1,1,3751.0,1550.0,22,275000.0,0
1,1,1,2,3751.0,1550.0,16,189000.0,4
1,2,3,2,3751.0,1550.0,28,590000.0,3
1,3,2,1,3751.0,1611.0,57,724900.0,0
1,2,2,1,3751.0,1100.0,30,500000.0,3
1,1,1,1,3751.0,864.0,24,265000.0,0
1,2,2,1,3751.0,1762.0,45,398000.0,3
1,2,2,1,3751.0,1550.0,7,387500.0,0
1,1,1,1,3751.0,1550.0,7,249900.0,4
1,1,1,1,3751.0,680.0,54,229000.0,3
5,4,3,2,3125.0,2800.0,2,790000.0,0
1,2,1,2,3751.0,1000.0,14,75900.0,3
1,3,3,1,3751.0,1758.0,57,1100000.0,0
1,1,2,1,3751.0,1550.0,8,250000.0,0
1,3,3,1,3751.0,2096.0,55,950000.0,0
1,2,2,1,3751.0,1299.0,12,650000.0,0
1,2,2,1,3751.0,1550.0,29,325000.0,3
1,2,2,2,3751.0,1395.0,10,685000.0,0
1,2,2,1,3751.0,1150.0,57,325000.0,3
1,2,2,1,3751.0,1400.0,40,549900.0,3
1,1,1,1,3751.0,925.0,28,177500.0,3
1,0,1,1,3751.0,500.0,28,169900.0,3
1,2,2,1,3751.0,1550.0,27,449900.0,0
1,1,1,1,3751.0,860.0,19,199900.0,3
1,1,2,1,3751.0,890.0,15,325000.0,0
1,1,1,1,3751.0,850.0,30,165000.0,3
1,2,2,2,3751.0,1400.0,10,370000.0,1
4,6,3,2,3900.0,1550.0,2,275000.0,4
3,3,2,2,2250.0,1550.0,2,90000.0,0
4,8,0,2,3751.0,1550.0,2,424900.0,1
1,2,1,2,3751.0,1550.0,2,249000.0,4
1,2,2,2,3751.0,1700.0,29,399900.0,4
5,3,2,2,3751.0,1550.0,2,29000.0,3
1,1,1,2,3751.0,1550.0,3,249900.0,4
5,3,2,2,3751.0,1320.0,2,269999.0,4
5,3,2,2,6200.0,2026.0,2,495000.0,4
6,3,2,1,3750.0,1233.0,2,93000.0,1
4,9,6,2,3729.0,1550.0,2,233000.0,4
5,5,5,2,12502.0,4724.0,2,949873.0,4
5,3,1,2,5560.0,1127.0,1,249000.0,4
1,3,2,2,3751.0,1800.0,4,625000.0,1
5,4,3,2,3125.0,1360.0,2,160000.0,1
1,2,2,2,3751.0,1550.0,1,495000.0,3
5,3,2,2,3750.0,1100.0,2,240000.0,4
5,3,2,1,5244.0,1622.0,1,264500.0,3
5,3,2,2,4687.0,1224.0,2,185000.0,3
5,6,13,1,6599.0,20002.0,3,15750000.0,4
1,1,1,1,3751.0,850.0,25,28000.0,4
5,4,2,2,7830.0,2165.0,2,689000.0,3
5,3,2,2,3125.0,1445.0,2,389999.0,0
5,2,2,2,4625.0,1550.0,2,129900.0,1
5,4,4,2,3751.0,2700.0,2,790000.0,4
5,4,3,2,3751.0,2300.0,2,389900.0,1
5,3,1,2,3751.0,1104.0,1,114400.0,3
6,2,1,1,3751.0,936.0,2,49000.0,4
5,3,1,2,5320.0,1200.0,2,299900.0,3
5,4,1,2,3751.0,899.0,2,93600.0,4
4,5,4,2,2544.0,1550.0,2,399000.0,0
5,4,2,2,3751.0,4500.0,2,1600000.0,4
5,5,4,2,12776.0,6721.0,2,998888.0,4
5,5,7,2,13504.0,5500.0,3,1175000.0,1
1,2,2,2,3751.0,1375.0,5,299900.0,4
1,2,2,2,3751.0,1500.0,1,450000.0,1
1,1,1,2,3751.0,800.0,2,110000.0,3
1,2,1,2,3751.0,1100.0,3,224700.0,1
5,4,3,2,3746.0,1150.0,2,99500.0,1
5,4,1,2,8960.0,1350.0,2,119900.0,1
5,3,1,2,3100.0,1600.0,2,180000.0,1
5,3,2,2,3751.0,1492.0,2,289900.0,4
5,3,3,2,5355.0,1220.0,1,345000.0,3
5,6,6,2,3125.0,5200.0,3,3399000.0,0
5,3,2,2,3750.0,1082.0,2,315000.0,3
5,2,1,2,3690.0,850.0,1,274900.0,4
5,5,4,2,6250.0,3400.0,2,399999.0,3
4,10,5,2,38768.0,4200.0,2,165000.0,1
5,4,2,2,5001.0,2850.0,2,399000.0,4
4,6,5,2,3751.0,2600.0,2,489900.0,3
5,4,1,2,4935.0,1200.0,2,280000.0,4
5,3,2,2,4200.0,1344.0,2,269900.0,4
5,4,2,2,3750.0,1800.0,2,259900.0,4
5,2,2,2,6075.0,1344.0,2,39900.0,1
1,4,6,2,3751.0,7582.0,70,15170000.0,0
5,2,1,2,4125.0,1000.0,2,269900.0,4
5,3,2,2,6395.0,1536.0,2,309000.0,4
1,3,2,2,3751.0,1700.0,3,239900.0,0
5,3,3,3,4051.0,2054.0,2,250000.0,4
5,4,3,2,8599.0,2506.0,2,495000.0,1
6,3,3,1,3751.0,1550.0,3,679000.0,3
5,3,2,2,3813.0,1328.0,1,419000.0,3
1,2,1,2,3751.0,1550.0,2,215000.0,4
1,2,1,2,3751.0,1100.0,3,255000.0,4
5,3,3,2,6250.0,2600.0,2,950000.0,4
5,3,1,2,5625.0,994.0,1,175000.0,4
1,4,4,1,3751.0,3000.0,17,400000.0,4
4,6,4,2,4032.0,1550.0,2,399000.0,4
5,4,3,4,13321.0,2869.0,2,399900.0,1
5,3,3,2,3751.0,1650.0,2,484999.0,4
1,2,1,2,3751.0,1000.0,4,165000.0,4
5,3,3,2,8000.0,2500.0,2,429999.0,4
5,5,7,2,3071.0,6450.0,2,4980000.0,0
1,2,2,1,3751.0,1250.0,20,199900.0,3
4,6,3,2,4356.0,1550.0,2,135000.0,2
5,4,3,2,3750.0,2154.0,2,389000.0,1
5,3,2,3,5837.0,2090.0,2,495000.0,4
5,6,6,2,4500.0,6400.0,3,3495000.0,0
5,6,5,2,30056.0,5400.0,3,899000.0,1
5,5,5,2,9380.0,3260.0,3,450000.0,1
5,4,3,2,4410.0,3549.0,2,650000.0,1
5,3,2,2,2500.0,1900.0,2,340000.0,3
5,4,4,2,7188.0,1550.0,3,1850000.0,1
1,2,3,1,3751.0,2400.0,3,280500.0,0
5,6,5,3,3907.0,5000.0,2,2649900.0,0
5,5,4,2,3125.0,4000.0,3,750000.0,1
5,3,2,2,3751.0,3514.0,2,520000.0,4
5,3,2,2,4000.0,2000.0,2,415000.0,1
6,3,2,2,3751.0,1592.0,2,90000.0,4
5,4,2,2,7250.0,1550.0,3,1050000.0,1
5,3,4,2,3123.0,3222.0,2,950000.0,1
5,3,2,2,4720.0,1944.0,2,595000.0,4
1,2,1,2,3751.0,1550.0,3,385000.0,4
5,6,3,2,5160.0,2409.0,2,679000.0,1
4,4,2,1,37897.0,1550.0,2,275000.0,1
5,3,3,2,3125.0,2222.0,2,567000.0,3
1,1,1,1,3751.0,1550.0,3,169900.0,0
5,5,3,2,3751.0,4000.0,2,774900.0,4
6,2,1,1,2858.0,1017.0,2,179900.0,4
5,6,7,2,2574.0,8000.0,3,2999999.0,1
5,3,2,2,3125.0,1550.0,1,350000.0,2
5,6,8,3,3690.0,6200.0,3,2695000.0,0
5,3,2,2,3751.0,1425.0,2,259900.0,1
5,4,4,2,3459.0,1550.0,2,765000.0,0
1,3,3,1,3751.0,3000.0,17,520000.0,4
5,6,4,3,4125.0,4611.0,2,1895000.0,0
5,2,2,2,4792.0,1974.0,1,469000.0,4
5,4,3,2,5625.0,1943.0,2,649500.0,4
5,4,4,2,3720.0,1218.0,2,250000.0,1
5,4,4,2,7560.0,3000.0,2,650000.0,4
5,3,3,2,3751.0,1575.0,1,309900.0,4
1,2,2,2,3751.0,1600.0,26,350000.0,4
5,4,3,4,8712.0,3712.0,3,1399000.0,1
4,6,2,2,3751.0,1550.0,2,265000.0,4
5,5,4,2,3999.0,1124.0,2,99900.0,1
5,4,3,2,3250.0,1400.0,2,249900.0,1
1,1,1,2,3751.0,1000.0,3,112100.0,3
5,3,1,2,6500.0,1250.0,1,239900.0,3
6,3,3,2,3751.0,1550.0,4,273000.0,0
5,3,2,2,3751.0,1580.0,2,199999.0,4
5,3,2,2,6000.0,1032.0,1,230000.0,3
5,4,3,2,8950.0,1176.0,2,455000.0,1
5,2,2,2,3684.0,1280.0,2,359000.0,1
5,3,2,2,4250.0,1490.0,2,308900.0,4
5,4,4,2,3125.0,1550.0,2,1250000.0,0
5,3,2,3,3751.0,1341.0,1,229900.0,4
5,4,4,2,3000.0,3600.0,2,1399000.0,3
5,3,1,2,3125.0,1232.0,1,59900.0,1
5,3,1,2,2156000.0,1170.0,2,264900.0,3
5,4,3,1,3125.0,2563.0,3,549987.0,1
6,3,3,1,630.0,2150.0,3,719000.0,0
5,3,2,3,6199.0,2150.0,2,799999.0,4
5,3,1,2,3750.0,1748.0,2,344900.0,1
5,6,3,2,3780.0,2300.0,2,399000.0,4
5,4,2,2,4443.0,3500.0,3,875000.0,2
5,3,3,2,2700.0,2000.0,2,625000.0,0
5,5,3,2,4085.0,1813.0,2,379900.0,4
5,3,2,2,5192.0,2160.0,2,510000.0,4
5,2,2,2,3123.0,1369.0,2,125000.0,1
5,3,2,2,3750.0,1550.0,2,550000.0,1
5,4,5,2,3224.0,1550.0,2,1150000.0,0
5,5,7,2,3093.0,5800.0,3,3350000.0,0
5,4,3,2,3604.0,1550.0,2,314999.0,4
5,4,2,2,3149.0,1500.0,2,402000.0,1
1,4,4,2,3751.0,3000.0,17,499000.0,1
5,4,1,2,3751.0,1400.0,2,359888.0,4
5,3,3,2,5250.0,3600.0,1,435000.0,4
5,4,2,2,3751.0,1056.0,2,75000.0,1
5,4,2,2,9150.0,1850.0,2,325000.0,4
5,4,4,2,3751.0,3300.0,2,698500.0,4
5,4,2,2,3751.0,2371.0,2,59900.0,2
5,3,2,2,4375.0,1701.0,2,299500.0,4
5,4,1,2,5000.0,1623.0,2,343000.0,4
5,4,3,2,5000.0,2879.0,2,385000.0,4
5,4,2,2,3136.0,2310.0,2,485000.0,1
5,3,2,1,6273.0,1283.0,1,429900.0,4
5,3,2,2,4704.0,1518.0,2,449900.0,1
1,2,2,1,3751.0,1000.0,4,245000.0,3
5,1,1,2,3751.0,880.0,2,99000.0,4
5,5,4,2,3125.0,3600.0,2,1219900.0,0
5,3,2,2,3751.0,1836.0,2,200000.0,1
1,2,2,2,3751.0,1200.0,3,179000.0,1
1,3,3,1,3751.0,1550.0,3,975000.0,0
5,3,4,2,5279.0,1550.0,2,870000.0,1
1,2,2,1,3751.0,1550.0,1,429999.0,3
1,2,2,2,3751.0,1550.0,2,225000.0,1
6,3,3,2,3751.0,1550.0,4,799000.0,0
6,3,3,2,3751.0,2000.0,3,675000.0,0
4,6,2,2,1.0,1550.0,2,799900.0,1
4,7,2,2,2400.0,1550.0,2,749000.0,2
5,4,2,2,3844.0,1490.0,2,129000.0,1
1,1,1,1,3751.0,1550.0,1,269900.0,4
5,6,2,2,6251.0,1040.0,2,250000.0,1
1,3,3,2,3751.0,2200.0,3,700000.0,0
1,1,1,2,3751.0,900.0,3,128000.0,4
4,7,3,1,4850.0,2800.0,2,675000.0,1
6,3,2,1,1166.0,1369.0,2,369000.0,4
4,8,4,2,2178.0,1550.0,2,567500.0,1
4,7,3,2,3751.0,3000.0,2,529900.0,1
4,7,5,2,3751.0,2550.0,2,159000.0,2
5,3,2,2,4125.0,1291.0,1,95000.0,3
1,2,2,2,3751.0,1400.0,3,265000.0,1
4,12,4,2,3750.0,4400.0,2,1599900.0,1
1,2,2,2,3751.0,1300.0,4,575000.0,1
5,3,2,2,3125.0,3780.0,2,289900.0,4
4,4,2,2,3125.0,1550.0,2,290000.0,1
5,3,2,2,3528.0,1138.0,1,130000.0,0
6,4,4,2,1092.0,1850.0,3,650000.0,0
1,2,2,2,3751.0,1550.0,4,199900.0,4
1,2,4,1,3751.0,1376.0,3,788000.0,4
5,3,2,2,2892.0,1176.0,2,299500.0,4
1,3,3,2,3751.0,2500.0,2,322000.0,4
1,3,3,2,3751.0,1800.0,4,505000.0,1
5,3,4,2,1800.0,2100.0,2,969998.0,4
4,9,4,1,5000.0,1550.0,2,499900.0,1
5,3,3,2,7200.0,1461.0,1,412500.0,3
1,3,2,1,3751.0,1550.0,3,350000.0,1
5,3,2,2,2962.0,1550.0,2,525000.0,1
5,3,2,1,3751.0,1127.0,2,157500.0,1
4,6,3,2,5000.0,1550.0,2,574900.0,1
1,4,5,2,3751.0,2900.0,6,1995000.0,0
4,6,4,2,3751.0,1550.0,2,995000.0,1
4,9,6,2,4375.0,1550.0,2,899000.0,4
1,2,2,2,3751.0,1550.0,1,449900.0,4
5,3,1,2,4125.0,1148.0,1,105000.0,4
5,4,5,2,9000.0,4519.0,2,1350000.0,4
1,3,2,2,3751.0,1686.0,3,229900.0,4
1,3,2,1,3751.0,1550.0,6,975000.0,4
1,2,2,2,3751.0,1450.0,2,450000.0,0
1,3,2,1,3751.0,1550.0,4,800000.0,0
4,5,3,2,3750.0,1550.0,2,425000.0,1
5,3,2,2,4961.0,1028.0,1,349900.0,4
4,4,2,1,3751.0,1700.0,2,620000.0,1
1,1,1,2,3751.0,720.0,2,165000.0,3
1,2,2,2,3751.0,1550.0,3,265000.0,4
4,6,2,2,3751.0,1550.0,2,185000.0,2
1,3,2,1,3751.0,1550.0,4,549950.0,0
1,2,2,1,3751.0,1550.0,3,475000.0,0
4,4,2,2,4356.0,1550.0,2,475000.0,2
1,2,3,1,3751.0,1950.0,4,585000.0,0
1,3,1,2,3751.0,1038.0,3,225000.0,1
1,2,2,1,3751.0,2400.0,18,600000.0,4
5,3,2,1,3751.0,1900.0,2,650000.0,4
1,4,2,2,3751.0,1340.0,4,285000.0,4
4,5,3,2,3125.0,1550.0,2,265000.0,1
5,3,1,1,7375.0,1645.0,1,279500.0,4
6,2,2,2,1875.0,1285.0,3,325000.0,0
4,8,3,2,3125.0,1550.0,2,260000.0,1
5,6,6,2,3750.0,4760.0,3,2550000.0,0
1,2,1,2,3751.0,1550.0,3,175000.0,3
1,2,2,1,3751.0,1550.0,3,525000.0,0
1,1,1,2,3751.0,800.0,3,319000.0,1
1,2,2,1,3751.0,1260.0,3,515000.0,0
1,2,2,1,3751.0,2180.0,3,599000.0,0
0,4,2,2,3049.0,1550.0,2,224900.0,2
4,3,2,1,3125.0,1550.0,2,150000.0,2
5,4,3,2,3751.0,2600.0,2,490000.0,4
4,4,3,2,6840.0,1550.0,2,309900.0,1
1,2,1,1,3751.0,1180.0,6,274999.0,1
1,3,3,2,3751.0,1800.0,5,335000.0,0
5,4,3,2,3125.0,1881.0,2,294000.0,4
5,3,4,2,3780.0,2600.0,2,649000.0,4
1,3,2,1,3751.0,1573.0,4,550000.0,0
4,6,3,2,3920.0,1550.0,2,395000.0,1
1,3,2,2,3751.0,1859.0,3,450000.0,4
5,2,2,2,1984.0,1088.0,2,220000.0,2
1,2,2,2,3751.0,1425.0,5,269000.0,3
4,0,0,2,3751.0,1550.0,2,370000.0,1
1,2,1,2,3751.0,1000.0,3,210000.0,4
1,3,3,1,3751.0,2170.0,39,549900.0,3
5,3,2,2,5750.0,1333.0,2,120000.0,4
1,2,2,1,3751.0,1189.0,7,550000.0,0
5,6,8,2,3707.0,9700.0,2,7700000.0,1
5,4,6,1,3751.0,5000.0,2,2200000.0,4
1,1,1,2,3751.0,700.0,3,245000.0,0
1,1,1,2,3751.0,1550.0,4,142000.0,4
1,2,2,2,3751.0,1550.0,7,329000.0,0
4,5,3,2,3750.0,1550.0,2,585500.0,4
1,1,1,2,3751.0,1550.0,6,234500.0,3
5,5,6,2,10000.0,7900.0,2,7350000.0,4
6,2,2,2,3660.0,1550.0,2,325500.0,4
1,3,4,1,3751.0,2540.0,40,1950000.0,0
1,2,2,2,3751.0,1100.0,16,179900.0,3
1,3,3,2,3751.0,2305.0,3,649000.0,1
4,3,2,2,3125.0,1550.0,2,269900.0,4
1,3,3,1,3751.0,2300.0,39,449900.0,3
5,7,6,2,12197.0,5600.0,3,1470000.0,2
1,2,2,1,3751.0,1500.0,16,359900.0,3
1,2,2,1,3751.0,1519.0,45,289000.0,3
5,3,2,2,4602.0,1152.0,1,300000.0,3
1,3,4,2,3751.0,3800.0,27,1995000.0,0
1,3,3,1,3751.0,3000.0,73,2099000.0,3
1,2,1,2,3750.0,800.0,3,79900.0,4
4,5,2,1,3750.0,1550.0,2,129900.0,1
1,1,1,2,3751.0,915.0,6,399000.0,0
5,3,8,2,2662.0,3700.0,2,575000.0,1
1,3,3,1,3751.0,1450.0,6,625000.0,0
4,7,3,2,3751.0,1550.0,2,200000.0,4
1,1,1,2,3751.0,880.0,7,249999.0,1
1,2,2,2,3751.0,1540.0,20,499900.0,4
1,2,2,2,3751.0,1550.0,4,499900.0,4
1,2,2,1,3751.0,1550.0,5,499000.0,0
4,4,4,2,3751.0,1550.0,2,685000.0,4
1,2,2,1,3751.0,1350.0,4,315000.0,0
1,3,2,1,3751.0,2000.0,3,394000.0,1
1,2,2,1,3751.0,1250.0,27,525000.0,0
1,3,3,1,3751.0,2300.0,4,625000.0,1
1,2,2,1,3751.0,1324.0,30,499900.0,0
1,2,1,1,3751.0,1550.0,23,299900.0,3
1,1,1,1,3751.0,1550.0,54,199900.0,3
1,1,2,1,3751.0,1000.0,45,450000.0,3
1,2,2,1,3751.0,1401.0,58,579000.0,0
1,2,2,1,3751.0,1550.0,20,550000.0,3
1,2,2,1,3751.0,1200.0,16,350000.0,0
1,1,1,1,3751.0,700.0,15,155000.0,4
1,2,2,1,3751.0,1465.0,54,399900.0,3
1,2,2,1,3751.0,1205.0,23,399900.0,0
1,1,1,1,3751.0,854.0,9,275000.0,0
1,0,1,1,3751.0,600.0,39,144000.0,3
5,3,2,2,4750.0,1336.0,1,349900.0,3
5,3,2,2,7144.0,1459.0,2,375000.0,3
1,2,2,1,3751.0,1329.0,29,255000.0,3
1,1,1,2,3751.0,700.0,28,164900.0,3
5,3,1,2,3751.0,925.0,1,125000.0,4
1,1,1,2,3751.0,1200.0,12,250000.0,4
1,2,2,2,3751.0,1450.0,70,669500.0,3
1,2,2,1,3751.0,1650.0,50,475000.0,3
1,2,1,1,3751.0,870.0,27,329000.0,3
1,1,1,1,3751.0,759.0,18,285000.0,0
1,1,1,2,3751.0,1550.0,7,209900.0,4
1,2,2,1,3751.0,1390.0,54,399999.0,3
4,4,3,2,3751.0,1550.0,2,750000.0,2
4,6,3,1,3751.0,2944.0,2,315000.0,4
1,1,1,2,3751.0,868.0,39,350000.0,3
5,3,1,2,3751.0,1058.0,1,150000.0,4
1,0,1,2,3751.0,604.0,89,265000.0,0
1,2,2,1,3751.0,1327.0,46,465000.0,0
1,2,2,2,3751.0,1250.0,40,715000.0,3
1,2,3,1,3751.0,2076.0,89,1925000.0,0
1,0,1,1,3751.0,1550.0,30,195000.0,3
1,2,2,1,3751.0,1550.0,16,365000.0,0
1,1,1,2,3751.0,725.0,60,325000.0,3
1,2,2,1,3751.0,1550.0,14,485000.0,0
1,1,1,1,3751.0,1550.0,28,350000.0,0
1,2,2,1,3751.0,1248.0,33,449000.0,0
5,4,2,2,5227.0,1285.0,2,135000.0,4
1,0,1,2,3751.0,604.0,89,250000.0,0
1,1,1,1,3751.0,1550.0,20,275000.0,0
1,1,1,1,3751.0,850.0,25,155000.0,3
1,1,1,1,3751.0,1550.0,30,167500.0,3
5,4,2,2,5000.0,1273.0,2,335000.0,4
1,1,1,2,3751.0,536.0,4,200940.0,0
5,3,2,1,3751.0,1500.0,2,289873.0,4
5,3,2,1,3720.0,1198.0,2,325000.0,4
5,3,1,1,5140.0,1300.0,1,229900.0,4
1,2,2,2,3751.0,1200.0,3,400000.0,4
4,6,2,2,3751.0,2850.0,2,130000.0,1
5,4,2,2,3125.0,1600.0,2,49000.0,1
1,1,1,1,3751.0,710.0,25,369900.0,0
5,2,1,1,6250.0,1122.0,1,330000.0,4
5,5,3,2,4125.0,4200.0,2,699000.0,4
5,3,4,3,5000.0,4000.0,2,1095000.0,0
5,3,4,2,6229.0,3700.0,2,2700000.0,1
1,1,1,2,3751.0,1550.0,2,145000.0,3
5,4,3,2,3751.0,2170.0,2,405000.0,0
1,2,2,2,3751.0,1200.0,2,415000.0,3
1,1,2,1,3751.0,968.0,18,375000.0,0
5,3,1,2,3751.0,1134.0,2,92000.0,1
1,1,1,1,3751.0,921.0,47,445000.0,0
5,3,2,2,7260.0,1550.0,2,539000.0,4
1,1,1,1,3751.0,735.0,28,300000.0,0
1,2,2,1,3751.0,1464.0,47,739000.0,0
5,4,2,2,4392.0,850.0,2,285000.0,4
5,4,2,2,3751.0,1242.0,2,425000.0,4
4,6,5,2,3751.0,1550.0,2,724000.0,3
4,7,3,2,3920.0,1550.0,2,595000.0,1
1,2,2,1,3751.0,1550.0,20,179950.0,3
5,2,1,2,3751.0,1550.0,1,179900.0,2
5,3,3,2,4500.0,2144.0,2,433000.0,4
5,3,3,2,5000.0,1483.0,1,479900.0,3
1,3,2,2,3751.0,1650.0,4,325000.0,1
5,5,5,2,2756.0,4461.0,3,1100000.0,0
4,11,6,2,3751.0,1550.0,2,374999.0,0
1,6,8,4,3751.0,9250.0,67,15750000.0,0
5,3,2,2,3751.0,1400.0,3,39900.0,1
5,2,2,2,4356.0,1500.0,2,599000.0,1
5,3,3,2,4092.0,1550.0,2,499900.0,4
1,3,5,2,3751.0,3300.0,2,1250000.0,4
4,7,4,2,3751.0,3719.0,2,499000.0,1
1,1,1,2,3751.0,850.0,23,149999.0,3
5,4,4,2,3125.0,1550.0,2,1400000.0,1
5,3,2,2,3125.0,1300.0,1,293900.0,3
5,4,2,2,3751.0,1203.0,2,315000.0,1
5,7,8,2,3751.0,6696.0,2,850000.0,3
5,3,2,2,3780.0,2104.0,2,359999.0,1
5,5,2,2,5445.0,2103.0,2,439700.0,4
1,2,2,1,3751.0,1560.0,4,449995.0,4
6,3,2,2,3751.0,1550.0,4,468000.0,0
5,3,2,1,5227.0,1000.0,2,325000.0,4
1,3,2,1,3751.0,1550.0,4,875000.0,0
1,3,2,2,3751.0,1900.0,3,339900.0,1
4,12,6,3,3751.0,4800.0,2,495000.0,4
1,3,2,1,3751.0,1550.0,5,824000.0,0
1,1,1,2,3751.0,750.0,3,135000.0,3
5,5,6,4,10250.0,7000.0,3,4995900.0,0
5,3,2,2,7815.0,1275.0,1,525000.0,4
1,3,2,2,3751.0,1550.0,3,65000.0,4
5,5,2,2,3136.0,1482.0,2,44900.0,1
5,3,2,2,3750.0,1500.0,2,159200.0,4
5,2,1,2,3751.0,900.0,4,115000.0,4
5,4,3,2,3751.0,2643.0,2,140000.0,1
5,4,3,2,5325.0,1550.0,2,799000.0,0
5,3,2,1,3125.0,1100.0,1,349900.0,3
1,2,1,1,3751.0,1550.0,24,249900.0,1
3,2,2,2,1400.0,1550.0,2,64900.0,0
5,2,2,2,3125.0,900.0,1,315000.0,3
1,2,2,1,3751.0,1100.0,19,200000.0,3
1,2,2,2,3751.0,1200.0,3,269000.0,4
5,4,3,2,2879.0,2500.0,3,439000.0,4
5,4,3,2,3751.0,3000.0,2,125000.0,1
5,3,3,2,4356.0,2400.0,1,279900.0,3
5,3,2,2,4960.0,1820.0,2,389000.0,4
5,5,4,2,3861.0,3000.0,3,1375000.0,1
5,3,2,2,3125.0,1401.0,2,149900.0,4
5,4,4,2,2091.0,2848.0,3,1000000.0,1
5,4,2,1,3751.0,1314.0,2,215000.0,4
1,2,1,2,3751.0,1550.0,3,400000.0,1
5,3,2,2,2928.0,1550.0,2,425000.0,0
1,1,1,2,3751.0,1550.0,3,195000.0,4
5,2,2,2,3125.0,1000.0,2,190000.0,4
6,3,2,2,3751.0,1254.0,2,84900.0,3
5,3,2,2,3750.0,1550.0,2,389900.0,4
1,1,1,1,3751.0,1550.0,35,199900.0,3
5,3,2,2,3630.0,1550.0,2,679000.0,4
1,2,2,2,3751.0,1200.0,3,220000.0,3
1,2,2,1,3751.0,1235.0,5,389900.0,4
1,1,1,2,3751.0,800.0,3,99900.0,1
5,5,5,2,6200.0,3750.0,2,799999.0,0
5,3,1,1,3125.0,995.0,2,224900.0,1
5,3,2,2,3746.0,1039.0,1,349963.0,4
1,0,1,2,3751.0,1550.0,4,99980.0,1
1,2,2,2,3751.0,1519.0,7,325000.0,3
5,4,3,2,4961.0,2170.0,2,399900.0,0
5,5,3,2,4563.0,1680.0,2,294999.0,1
5,4,4,2,5125.0,2500.0,2,579900.0,4
5,3,3,1,9120.0,2290.0,2,825000.0,4
5,3,2,2,3751.0,1104.0,1,380000.0,4
1,3,1,2,3751.0,1550.0,1,224900.0,1
4,5,3,2,3750.0,2500.0,2,565000.0,4
1,1,1,2,3751.0,900.0,12,174900.0,4
4,4,3,2,3750.0,1550.0,2,75000.0,4
5,3,2,2,3751.0,1300.0,1,290000.0,3
1,3,3,2,3751.0,2400.0,3,295000.0,1
5,2,1,2,3751.0,840.0,2,139900.0,4
4,5,3,2,3751.0,1550.0,2,119900.0,1
5,4,3,2,2975.0,1550.0,2,170000.0,1
5,6,5,2,3751.0,5350.0,2,699000.0,1
5,4,3,1,3751.0,2935.0,2,575000.0,4
1,3,2,2,3751.0,1000.0,5,52000.0,3
1,3,3,1,3751.0,3000.0,16,689000.0,4
1,3,2,2,3751.0,2000.0,3,325000.0,1
5,5,4,2,3335.0,4253.0,3,1750000.0,1
5,3,2,2,4008.0,2130.0,2,110000.0,1
6,2,2,2,3751.0,2126.0,3,290000.0,0
5,3,3,2,8950.0,2959.0,2,529000.0,1
5,2,1,2,3920.0,1400.0,2,390000.0,4
5,3,4,2,3049.0,2290.0,2,589000.0,1
5,6,6,2,8050.0,7134.0,2,4450000.0,0
1,4,2,1,3751.0,2000.0,3,650000.0,4
5,4,3,2,3750.0,1306.0,2,299900.0,4
1,3,2,2,3751.0,1550.0,3,525000.0,0
5,3,3,1,5001.0,1394.0,2,379900.0,4
5,4,3,2,3720.0,2226.0,2,449000.0,4
5,3,3,2,5040.0,1968.0,2,174900.0,1
5,2,1,2,3999.0,1080.0,1,99000.0,1
5,3,2,2,3119.0,1090.0,1,269900.0,3
5,4,2,2,3751.0,2983.0,2,390000.0,4
1,2,2,1,3751.0,1500.0,6,499900.0,1
1,3,2,1,3751.0,1550.0,1,299999.0,4
1,3,2,2,3751.0,1550.0,3,439900.0,1
5,5,6,2,2374.0,7400.0,2,3500000.0,0
1,2,1,2,3751.0,840.0,3,65000.0,1
4,4,2,2,3751.0,1550.0,2,120000.0,1
5,4,3,2,4000.0,1800.0,2,249900.0,1
5,5,4,2,1089.0,2700.0,3,1150000.0,2
4,11,7,2,3125.0,3600.0,2,499900.0,0
5,3,2,1,1984.0,1376.0,2,250000.0,2
5,2,2,2,3751.0,962.0,2,275000.0,4
4,5,2,2,3125.0,1550.0,2,85000.0,1
1,1,1,2,3751.0,663.0,22,159000.0,4
1,3,1,2,3751.0,1550.0,3,199900.0,4
5,5,5,2,3875.0,4325.0,3,1449000.0,0
1,2,3,1,3751.0,2600.0,8,699000.0,2
1,3,2,2,3751.0,1550.0,3,399900.0,4
5,4,2,3,9375.0,1674.0,2,355000.0,4
5,3,2,2,6250.0,1700.0,2,249900.0,4
1,3,3,1,3751.0,1500.0,16,299999.0,3
5,4,4,2,6996.0,3000.0,2,695000.0,1
1,1,1,2,3751.0,1550.0,3,219999.0,1
1,2,2,2,3751.0,950.0,5,155000.0,3
1,2,1,1,3751.0,1326.0,3,385000.0,4
6,3,3,2,1900.0,1900.0,2,675000.0,4
4,6,4,2,5000.0,1550.0,2,569900.0,4
4,6,2,2,6250.0,1550.0,2,135000.0,1
5,3,2,2,3750.0,1200.0,1,415000.0,3
5,3,3,1,4356.0,843.0,2,350000.0,4
1,2,2,1,3751.0,1200.0,12,218000.0,3
5,5,4,2,3751.0,3224.0,2,399900.0,1
5,4,2,2,6151.0,1523.0,2,275000.0,1
5,4,2,1,5549.0,2420.0,2,269900.0,3
1,1,1,2,3751.0,800.0,28,160000.0,3
5,6,7,4,392.0,8380.0,3,5900000.0,0
5,3,1,2,3751.0,1340.0,2,145000.0,4
1,2,2,1,13110.0,1350.0,5,339500.0,0
5,2,3,2,3125.0,960.0,1,225000.0,1
5,6,6,3,5200.0,8960.0,2,3995000.0,0
1,3,3,2,3751.0,2600.0,21,200000.0,4
1,2,2,2,3751.0,1882.0,1,549000.0,4
5,5,4,2,3270.0,3200.0,2,1275000.0,0
1,3,2,2,3751.0,1500.0,3,318000.0,1
5,3,2,2,3751.0,1234.0,2,124900.0,4
5,4,2,2,3125.0,1056.0,2,109950.0,1
5,3,1,2,3746.0,1664.0,2,228000.0,1
5,3,2,2,3751.0,1718.0,2,524900.0,4
1,2,1,2,3751.0,1550.0,3,139900.0,1
1,3,3,2,3751.0,2000.0,29,439000.0,3
1,1,1,2,3751.0,780.0,3,289900.0,3
1,2,2,2,3751.0,1700.0,7,255000.0,4
1,2,2,1,3751.0,1531.0,3,500000.0,1
1,2,2,2,3751.0,1550.0,6,185000.0,3
5,3,3,2,3125.0,2200.0,2,214900.0,1
5,4,4,2,14500.0,4255.0,2,849900.0,1
5,4,4,2,3751.0,2233.0,2,524900.0,1
1,2,2,2,3751.0,1550.0,2,269900.0,1
6,2,3,2,990.0,1036.0,2,259900.0,3
5,2,2,2,4879.0,1550.0,2,315000.0,4
4,6,4,3,3751.0,1550.0,2,260000.0,4
5,3,2,2,3750.0,1348.0,2,375000.0,4
1,2,2,2,3751.0,1800.0,14,349900.0,4
5,2,2,2,3751.0,900.0,1,124950.0,4
5,3,1,2,6098.0,1504.0,2,189900.0,4
1,2,2,1,3751.0,1550.0,5,475000.0,0
1,1,1,2,3751.0,1550.0,5,264900.0,4
1,2,1,2,3751.0,1550.0,3,167000.0,4
1,3,3,1,3751.0,1700.0,3,275000.0,0
1,2,2,2,3751.0,1200.0,4,405000.0,4
1,1,1,2,3751.0,1550.0,25,89900.0,3
5,2,2,2,3751.0,1232.0,2,114900.0,4
5,5,3,2,3960.0,1734.0,2,549877.0,1
1,3,2,2,3751.0,1550.0,3,150000.0,1
5,5,4,1,4748.0,2782.0,2,300000.0,4
5,7,6,4,19166.0,5500.0,3,625000.0,2
5,4,3,2,5619.0,2128.0,2,450000.0,3
1,2,2,2,3751.0,1200.0,24,350000.0,0
5,5,3,2,4625.0,1200.0,2,314900.0,4
5,3,3,2,3983.0,1550.0,2,425000.0,4
1,2,1,2,3751.0,1200.0,3,249500.0,4
1,2,2,2,3751.0,1400.0,4,300000.0,1
1,3,2,2,3751.0,1550.0,3,389900.0,4
1,2,2,2,3751.0,1345.0,3,535000.0,4
4,8,3,2,3751.0,1550.0,2,239900.0,1
1,1,1,2,3751.0,1550.0,6,280000.0,4
5,4,2,2,3751.0,1550.0,2,499900.0,4
5,4,3,1,4164.0,3400.0,2,285000.0,4
5,4,4,2,4138.0,1550.0,2,499000.0,1
5,3,2,2,6625.0,1314.0,2,119900.0,1
5,5,4,2,10000.0,4000.0,2,1895000.0,4
5,6,5,2,2860.0,4140.0,2,1975000.0,2
4,7,3,2,3049.0,1550.0,2,225000.0,1
1,1,1,1,3751.0,850.0,25,159000.0,3
4,9,6,3,3900.0,1550.0,2,1150000.0,0
1,2,3,2,3751.0,1550.0,4,600000.0,1
5,2,1,1,4356.0,974.0,2,230000.0,4
1,2,2,2,3751.0,1550.0,3,195000.0,3
4,8,4,2,3500.0,1550.0,2,880000.0,1
5,2,1,2,3751.0,912.0,2,85000.0,4
5,4,5,2,3125.0,3647.0,2,1285000.0,1
5,3,1,2,4375.0,1500.0,1,215000.0,4
5,3,3,2,3751.0,1550.0,2,799000.0,4
5,3,4,2,3990.0,3300.0,2,575000.0,4
5,4,2,2,3751.0,1650.0,2,120000.0,1
1,2,1,2,3751.0,1100.0,3,325000.0,1
1,3,2,2,3751.0,1800.0,3,540000.0,1
1,2,2,2,3751.0,1000.0,3,225000.0,0
5,3,2,2,2185.0,1488.0,2,494000.0,1
5,3,2,2,3751.0,1870.0,2,99950.0,1
5,3,2,2,3136.0,882.0,1,150800.0,4
5,3,2,2,3746.0,1196.0,2,349000.0,1
4,6,4,4,3751.0,1550.0,2,369900.0,1
5,4,3,1,9000.0,2431.0,2,665000.0,4
5,4,5,2,3751.0,4000.0,2,1200000.0,4
5,5,3,2,4792.0,1538.0,2,375000.0,1
6,2,1,2,3751.0,1000.0,2,284899.0,4
1,1,1,1,3751.0,924.0,10,199900.0,4
5,2,1,2,3780.0,1209.0,1,137750.0,1
5,3,3,2,3751.0,1718.0,2,390000.0,0
5,3,3,2,5750.0,1294.0,1,424995.0,3
5,3,2,2,3751.0,1440.0,2,450000.0,0
5,4,3,2,4512.0,3500.0,3,1595000.0,2
5,4,2,2,4625.0,1796.0,2,249873.0,1
6,3,3,1,3751.0,2995.0,2,619000.0,2
5,3,2,2,3920.0,936.0,2,309900.0,4
6,4,2,2,1320.0,600.0,2,399000.0,3
5,4,2,2,3659.0,1800.0,2,229999.0,4
6,2,3,1,3751.0,1563.0,2,280000.0,3
4,9,3,2,3920.0,1550.0,2,215000.0,4
5,3,1,2,4687.0,1250.0,1,150000.0,2
5,3,2,1,3751.0,1600.0,1,350000.0,4
5,7,9,4,3751.0,12250.0,2,13900000.0,4
5,3,2,2,5152.0,1213.0,1,315000.0,3
6,3,3,2,3751.0,2500.0,3,549500.0,0
1,3,2,2,3751.0,1550.0,3,90000.0,4
4,4,3,1,3750.0,1550.0,2,39500.0,1
5,3,1,2,10890.0,1100.0,1,220000.0,4
5,5,5,2,3751.0,2742.0,3,610000.0,1
4,5,2,2,3049.0,1550.0,2,255000.0,2
1,3,2,2,3751.0,1086.0,3,229900.0,0
5,6,8,4,6184.0,8000.0,3,5750000.0,0
5,3,1,2,3751.0,1040.0,2,265000.0,3
5,4,3,2,3690.0,2900.0,2,630000.0,4
5,3,2,2,3751.0,1241.0,2,200000.0,3
5,3,2,1,5625.0,1100.0,1,309000.0,4
5,3,1,2,3751.0,1092.0,1,239900.0,3
5,4,2,2,5053.0,1652.0,2,425000.0,3
5,3,2,2,4613.0,1320.0,2,85000.0,4
5,3,2,2,3750.0,1550.0,1,349900.0,4
5,5,4,1,5056.0,2015.0,2,314200.0,1
4,6,3,2,3751.0,1550.0,2,599900.0,2
5,4,3,4,7600.0,6795.0,3,349000.0,2
5,4,4,2,5314.0,4812.0,3,710000.0,1
1,2,2,1,3751.0,1326.0,1,419000.0,0
4,9,3,3,3125.0,1550.0,2,305000.0,4
5,3,2,2,3751.0,1226.0,2,198500.0,4
1,4,2,2,3751.0,1550.0,3,384900.0,1
1,1,1,1,3751.0,1000.0,11,245000.0,1
4,6,2,1,4464.0,1550.0,2,65000.0,1
5,7,5,2,3123.0,5200.0,3,2200000.0,0
1,2,1,2,3751.0,800.0,24,120000.0,3
4,6,2,2,3049.0,1550.0,2,335000.0,1
1,2,2,2,3751.0,1010.0,3,215000.0,1
4,9,6,3,3485.0,4899.0,2,410000.0,4
1,2,2,1,3751.0,1550.0,5,239500.0,3
1,2,1,1,3751.0,1550.0,33,250000.0,0
4,8,5,2,3875.0,1550.0,2,750000.0,3
1,3,2,2,3751.0,1104.0,2,206150.0,4
5,4,4,2,5400.0,2589.0,2,475000.0,4
5,3,2,2,3751.0,1192.0,1,220000.0,4
5,3,2,2,9728.0,1800.0,2,575000.0,4
6,3,2,1,3751.0,2200.0,3,535000.0,0
5,3,2,2,3751.0,1494.0,2,279900.0,1
1,2,2,1,3751.0,1448.0,54,575000.0,3
5,1,1,2,3751.0,1000.0,2,169500.0,1
5,3,3,2,5118.0,1250.0,2,417000.0,3
5,5,3,2,6976.0,1627.0,2,207000.0,4
5,4,3,2,3751.0,2867.0,2,715000.0,4
4,4,2,2,3750.0,1550.0,2,699900.0,1
5,3,2,2,3136.0,2700.0,2,699000.0,1
4,6,2,2,3751.0,2200.0,2,188000.0,4
5,3,2,1,3136.0,1940.0,1,464900.0,3
5,4,2,2,3125.0,1200.0,2,299000.0,1
1,1,1,2,3751.0,879.0,3,175000.0,3
1,3,2,1,3751.0,1671.0,4,649900.0,0
1,2,2,1,3751.0,1600.0,4,749000.0,4
5,3,3,2,3746.0,2688.0,2,447000.0,3
1,2,1,2,3751.0,1550.0,3,165000.0,4
5,6,7,2,7040.0,5730.0,3,2895000.0,1
5,3,1,2,3751.0,1110.0,1,99900.0,1
1,2,1,2,3751.0,950.0,3,154900.0,4
1,2,2,1,3751.0,1550.0,32,349950.0,3
5,3,2,2,3751.0,1302.0,2,114400.0,1
1,3,2,2,3751.0,1400.0,3,699999.0,1
1,3,2,2,3751.0,1550.0,4,799000.0,0
5,5,5,2,1799.0,4000.0,2,1095000.0,0
5,3,3,2,3750.0,1550.0,2,125000.0,4
5,4,4,2,4125.0,4200.0,2,680000.0,4
5,4,2,2,3125.0,1150.0,1,32900.0,4
5,6,6,2,4500.0,5127.0,3,1990000.0,1
1,3,4,400,3751.0,2985.0,70,1295000.0,3
5,4,3,2,3810.0,3600.0,2,624500.0,1
5,4,2,2,3750.0,2726.0,1,369900.0,4
1,2,2,1,3751.0,1700.0,3,599900.0,1
5,3,3,2,3751.0,2121.0,2,650000.0,4
1,1,1,2,3751.0,372.0,2,189500.0,1
1,2,1,2,3751.0,1000.0,3,299900.0,1
1,1,1,1,3751.0,780.0,6,280000.0,1
1,2,2,1,3751.0,1300.0,1,300000.0,1
1,2,2,1,3751.0,1205.0,10,410000.0,4
5,4,3,2,5227.0,1668.0,2,539900.0,0
5,7,7,2,23479.0,10709.0,3,3249000.0,1
1,1,1,1,3751.0,721.0,5,184900.0,4
5,4,2,2,3900.0,1326.0,2,280000.0,4
1,2,3,1,3751.0,1550.0,3,500000.0,4
6,3,2,2,3751.0,1217.0,2,290000.0,3
5,3,2,2,5970.0,1400.0,2,129850.0,1
5,4,3,2,10148.0,2877.0,2,559000.0,4
1,3,2,1,3751.0,1550.0,5,249900.0,3
1,1,1,2,3751.0,900.0,29,159900.0,3
5,3,1,2,8750.0,1040.0,2,107000.0,3
5,3,2,1,9348.0,1505.0,2,600000.0,1
5,3,3,2,1498.0,2850.0,3,999900.0,1
4,4,2,2,4792.0,1550.0,2,169950.0,1
5,3,2,2,3250.0,1550.0,1,210000.0,2
6,3,1,2,3751.0,936.0,2,125000.0,4
5,2,2,2,3751.0,1626.0,2,324900.0,4
1,2,1,2,3751.0,1641.0,3,475000.0,0
1,7,11,7,3751.0,12435.0,8,14400000.0,0
1,3,2,1,3751.0,1500.0,6,625000.0,1
1,2,2,1,3751.0,1250.0,30,189000.0,3
1,2,1,2,3751.0,800.0,3,219900.0,4
5,4,4,2,6151.0,2050.0,2,400000.0,4
4,5,2,2,3751.0,1550.0,2,250000.0,2
1,2,1,2,3751.0,1550.0,1,230000.0,4
5,3,2,2,3750.0,1080.0,2,320000.0,3
5,3,3,2,3720.0,1536.0,2,410000.0,4
1,3,2,2,3751.0,2000.0,3,595000.0,1
5,3,2,2,3750.0,1306.0,2,379000.0,4
1,1,1,2,3751.0,1548.0,10,265000.0,1
5,4,3,2,4312.0,1600.0,2,539900.0,4
5,4,2,2,3751.0,893.0,2,125000.0,3
5,4,1,1,3746.0,1110.0,2,89900.0,4
5,2,1,2,3624.0,3625.0,2,27000.0,4
5,4,2,2,4840.0,1160.0,2,275000.0,1
1,4,6,1,3751.0,5200.0,72,3899000.0,0
5,2,1,2,4216.0,1000.0,2,259900.0,4
1,1,1,2,3751.0,1550.0,4,150000.0,1
6,3,3,1,3751.0,2400.0,3,390000.0,0
1,2,2,2,3751.0,1550.0,3,325000.0,1
5,5,4,2,4386.0,1212.0,2,244900.0,4
5,5,4,2,5000.0,1550.0,2,920000.0,4
5,3,3,2,3750.0,2310.0,2,390000.0,4
1,1,1,1,3751.0,700.0,26,85000.0,3
5,3,2,2,5227.0,1404.0,1,439900.0,3
5,2,2,4,3900.0,1550.0,1,89900.0,2
1,2,1,2,3751.0,1600.0,3,135000.0,1
5,3,3,2,6125.0,2200.0,2,699000.0,1
5,3,3,2,3751.0,2000.0,2,239000.0,4
5,3,1,2,3750.0,1152.0,2,149000.0,1
1,1,1,1,3751.0,1101.0,8,265000.0,1
1,4,5,1,3751.0,3500.0,4,559900.0,0
1,1,1,1,3751.0,1000.0,5,199900.0,3
5,3,2,2,3750.0,1281.0,2,284900.0,1
5,3,3,2,3751.0,2240.0,1,359900.0,3
1,4,3,2,3751.0,2500.0,6,595000.0,4
5,5,4,2,11873.0,2987.0,2,429000.0,1
5,5,8,3,33977.0,7935.0,3,900000.0,2
1,1,1,2,6111.0,1550.0,3,239000.0,4
5,2,1,2,3598.0,1076.0,1,350000.0,1
5,4,2,2,3125.0,1550.0,2,609900.0,0
5,3,2,2,4971.0,1100.0,1,349000.0,4
6,3,3,1,1725.0,1825.0,2,190000.0,0
5,5,3,2,3750.0,1750.0,2,270000.0,4
4,6,2,2,3125.0,1550.0,2,380000.0,1
5,5,5,1,3751.0,1550.0,3,2100000.0,1
5,3,3,2,3751.0,1550.0,2,675000.0,2
6,2,1,2,1110.0,581.0,2,34900.0,3
5,2,3,2,3751.0,2645.0,1,199900.0,4
1,3,3,2,3751.0,2200.0,3,499000.0,4
1,2,2,2,3751.0,1200.0,3,137000.0,0
1,2,2,2,3751.0,1550.0,1,599900.0,0
1,3,2,1,3751.0,993.0,5,333734.0,0
4,6,3,2,4792.0,4133.0,2,899900.0,1
5,2,1,2,4356.0,720.0,2,219900.0,4
4,3,3,2,3750.0,1550.0,2,439000.0,1
5,3,2,1,3125.0,2744.0,2,214900.0,1
1,3,2,1,3751.0,2000.0,3,759000.0,1
5,2,2,2,3000.0,2100.0,1,560000.0,4
1,2,2,2,3751.0,1550.0,4,299000.0,0
5,3,2,2,3751.0,1080.0,1,158900.0,3
1,2,2,1,3751.0,1550.0,23,319000.0,3
1,2,2,2,3751.0,1550.0,4,304999.0,1
5,3,4,2,11550.0,2528.0,2,415000.0,4
5,3,1,2,8499.0,1200.0,2,115000.0,3
1,2,2,2,3751.0,1150.0,3,249000.0,0
5,4,4,2,2646.0,4076.0,2,1950000.0,0
1,3,2,1,3751.0,1550.0,3,210000.0,4
1,3,3,1,3751.0,2250.0,4,375000.0,0
4,8,6,2,3920.0,3150.0,2,630000.0,1
5,3,2,1,4235.0,1200.0,1,295000.0,4
4,6,3,2,3750.0,1550.0,2,38000.0,4
1,3,3,2,3751.0,1700.0,1,299900.0,1
1,1,1,1,3751.0,1550.0,9,299000.0,1
5,6,5,2,10293.0,1550.0,2,3995000.0,1
1,1,1,2,3751.0,1550.0,2,159900.0,3
5,2,2,2,3703.0,1095.0,1,249600.0,1
1,2,2,2,3751.0,1200.0,6,290000.0,3
5,2,2,2,3750.0,1713.0,1,365000.0,3
1,2,2,2,3751.0,2500.0,3,675000.0,4
1,2,2,1,3751.0,1519.0,45,269500.0,3
5,3,1,2,3751.0,1036.0,2,205000.0,3
1,2,1,1,3751.0,1550.0,29,339900.0,4
4,6,2,2,3751.0,1550.0,2,109200.0,1
5,3,3,2,3751.0,1550.0,2,160000.0,1
4,6,2,2,3049.0,1550.0,2,770000.0,4
5,5,4,2,3751.0,1550.0,2,725000.0,4
1,2,1,2,3751.0,1550.0,3,258000.0,1
5,4,2,3,4375.0,2601.0,2,539900.0,4
6,4,5,1,3751.0,3800.0,4,1050000.0,3
5,4,4,4,6250.0,7000.0,1,3500000.0,4
5,6,8,4,5808.0,8000.0,3,3999000.0,0
4,6,2,2,3751.0,1550.0,2,280000.0,1
5,2,2,2,5199.0,960.0,2,329900.0,4
5,4,2,1,3024.0,1120.0,2,229999.0,1
5,3,2,2,3000.0,1040.0,1,169000.0,3
5,3,1,1,2178.0,1088.0,2,225000.0,2
5,3,4,2,3751.0,2692.0,2,1025000.0,1
1,2,1,2,3751.0,1550.0,3,324000.0,1
5,3,3,2,4620.0,1750.0,2,217000.0,4
5,3,3,2,6011.0,1550.0,2,375000.0,1
5,3,2,2,3150.0,3125.0,2,215000.0,4
4,6,3,2,37897.0,3009.0,2,450000.0,1
5,4,3,1,3125.0,3000.0,3,549000.0,4
5,5,4,2,3751.0,5600.0,2,180000.0,1
5,4,3,2,3780.0,4029.0,2,465000.0,4
5,3,2,2,3906.0,1700.0,1,249900.0,1
1,3,2,2,3751.0,1748.0,3,299000.0,4
4,8,3,2,3751.0,1550.0,2,329000.0,1
5,3,2,2,3751.0,1202.0,2,265000.0,4
1,3,4,1,3751.0,2231.0,8,1249000.0,0
5,4,4,2,2618.0,1550.0,2,1750000.0,1
5,4,3,2,4375.0,1932.0,2,294900.0,4
5,4,2,2,3751.0,2500.0,1,629000.0,3
4,6,2,2,3125.0,1550.0,2,95000.0,4
5,4,3,4,5670.0,1174.0,2,399900.0,4
5,3,2,2,3751.0,1776.0,1,249900.0,3
5,3,3,2,3751.0,1208.0,2,449900.0,4
1,2,2,1,3751.0,1550.0,10,185000.0,3
5,3,2,2,3125.0,1500.0,2,324000.0,3
1,2,2,1,3751.0,1000.0,3,195000.0,0
4,9,3,1,3751.0,1550.0,2,459800.0,1
5,3,2,2,4750.0,2423.0,1,399900.0,4
1,2,2,2,10625.0,1300.0,3,324900.0,0
5,3,2,2,3751.0,1525.0,1,299900.0,4
1,3,4,1,3751.0,3557.0,15,2699000.0,0
1,2,2,2,3751.0,1550.0,3,410000.0,1
5,5,2,2,4500.0,2072.0,3,150000.0,1
5,6,2,2,6251.0,1550.0,3,55000.0,1
1,2,2,2,3751.0,1100.0,3,525000.0,1
5,4,3,3,9915.0,2808.0,2,450000.0,1
5,3,2,2,3964.0,1131.0,1,299999.0,1
5,3,2,2,4125.0,2419.0,2,399000.0,4
1,3,6,4,3751.0,10000.0,28,9500000.0,0
4,6,3,2,3049.0,2250.0,2,265000.0,2
4,3,1,2,3751.0,1550.0,2,298000.0,1
5,3,3,3,4477.0,2046.0,2,450000.0,4
1,2,1,2,3751.0,950.0,2,35000.0,4
5,4,2,3,5184.0,2778.0,2,699900.0,2
1,0,1,2,3751.0,1550.0,8,142000.0,4
5,4,3,2,8040.0,3824.0,2,425000.0,4
5,3,1,2,3781.0,1100.0,2,349000.0,4
1,2,1,2,3751.0,800.0,3,229000.0,1
5,2,2,2,3751.0,953.0,1,227000.0,4
5,4,3,2,3750.0,1550.0,2,1775000.0,1
5,3,3,2,7013.0,1782.0,2,450000.0,3
5,4,2,2,3125.0,1982.0,2,339000.0,1
1,2,2,1,3751.0,1109.0,10,449500.0,0
5,3,3,2,6578.0,1947.0,2,549900.0,0
5,3,3,2,3751.0,1937.0,1,499999.0,4
5,3,3,3,3750.0,1290.0,2,449900.0,4
5,4,3,1,3751.0,2400.0,2,399900.0,4
5,2,1,2,3751.0,1164.0,2,49900.0,1
1,2,3,2,3751.0,2040.0,40,549900.0,3
5,5,3,2,3751.0,1370.0,2,314000.0,1
5,3,2,2,6264.0,1400.0,2,115000.0,4
5,6,2,2,3572.0,2018.0,2,249900.0,4
5,2,2,1,3751.0,1435.0,2,399000.0,4
1,1,1,2,3751.0,1550.0,26,159900.0,3
5,4,3,2,3720.0,1124.0,2,84900.0,1
5,3,2,1,3750.0,1550.0,1,359000.0,4
5,5,4,1,3525.0,4900.0,2,1999900.0,1
5,4,3,2,3751.0,4040.0,2,285000.0,4
5,3,2,2,4982.0,1170.0,1,329000.0,3
5,3,2,2,4800.0,1150.0,1,349500.0,4
5,3,2,2,4704.0,912.0,1,287000.0,4
1,3,3,1,3751.0,2500.0,5,995000.0,1
5,3,2,2,3750.0,2020.0,1,489000.0,4
1,1,1,2,3751.0,700.0,3,225000.0,0
5,4,2,2,3746.0,1200.0,2,225000.0,1
5,4,2,2,4373.0,1734.0,2,599900.0,4
5,2,1,2,2500.0,1443.0,2,270000.0,2
6,3,2,2,4400.0,1336.0,2,125000.0,4
1,4,2,2,3751.0,1550.0,3,185000.0,4
4,4,2,2,3751.0,1550.0,2,68000.0,1
4,8,7,2,3751.0,1550.0,2,699000.0,2
1,1,1,2,3751.0,858.0,7,250000.0,0
5,4,4,3,7500.0,4413.0,2,1295000.0,1
5,2,2,2,4561.0,1800.0,1,235000.0,4
5,3,3,2,4425.0,2850.0,2,675000.0,4
1,3,3,1,3751.0,2100.0,2,799000.0,0
1,3,2,2,3751.0,1700.0,28,265000.0,3
1,2,2,1,3751.0,1550.0,4,599999.0,0
1,1,1,2,3751.0,825.0,25,185000.0,3
5,2,2,2,3751.0,2000.0,2,425000.0,1
4,4,3,2,2614.0,1550.0,2,845000.0,1
5,5,4,2,12000.0,4200.0,2,1049000.0,0
5,4,4,2,3750.0,1955.0,2,449900.0,4
5,2,2,2,5000.0,1125.0,1,241000.0,4
1,2,2,1,3751.0,1250.0,30,299900.0,3
1,0,1,1,3751.0,1550.0,28,110000.0,3
1,3,3,2,3751.0,1550.0,20,549000.0,1
5,2,3,2,6434.0,1898.0,2,425000.0,4
5,4,3,2,5371.0,2240.0,2,649900.0,1
1,1,1,1,3751.0,1550.0,5,229000.0,3
1,2,2,1,3751.0,1600.0,4,565000.0,0
1,2,1,2,3751.0,1000.0,3,147500.0,4
5,5,5,2,5917.0,4800.0,2,1750000.0,1
5,2,1,2,3101.0,924.0,1,49900.0,1
1,1,2,1,3751.0,1550.0,34,1050000.0,0
5,5,9,4,6000.0,10700.0,3,6500000.0,0
1,2,1,2,3751.0,1550.0,3,125000.0,4
6,5,5,2,3751.0,3074.0,4,995000.0,0
5,3,2,2,4530.0,2016.0,1,294900.0,4
1,3,2,2,3751.0,2200.0,4,109900.0,4
1,3,2,1,3751.0,1406.0,4,325000.0,4
5,1,3,2,7200.0,1700.0,2,275000.0,1
5,3,3,2,3125.0,1743.0,2,450000.0,4
5,3,2,1,3810.0,1550.0,1,284900.0,4
5,4,3,2,5227.0,2128.0,2,319000.0,1
6,2,2,2,759.0,977.0,2,69900.0,3
6,2,3,1,3751.0,2000.0,4,575000.0,0
5,3,3,2,4265.0,2800.0,2,869000.0,1
4,4,3,2,3751.0,1550.0,2,350000.0,4
6,5,3,2,3751.0,1550.0,3,988800.0,2
6,3,4,2,1180.0,2300.0,3,599900.0,0
1,3,4,2,3751.0,2200.0,10,899000.0,1
1,2,2,1,3751.0,1550.0,19,335000.0,4
5,2,1,2,3751.0,1100.0,2,40000.0,4
4,4,2,2,3751.0,1550.0,2,130000.0,1
5,2,1,2,4725.0,978.0,1,125000.0,4
1,1,1,1,3751.0,1050.0,17,299000.0,4
1,1,1,2,3751.0,1550.0,7,220000.0,4
5,3,2,2,3136.0,1040.0,1,129995.0,3
1,2,2,1,3751.0,1438.0,3,399900.0,4
5,5,4,2,3751.0,3200.0,2,1399000.0,4
5,2,2,2,5670.0,1300.0,1,390000.0,3
5,4,2,2,3703.0,1680.0,2,200000.0,3
1,0,1,2,3751.0,1550.0,5,99900.0,3
5,2,2,2,3125.0,1104.0,1,315000.0,3
5,2,3,1,1525.0,1550.0,2,535000.0,0
1,2,2,1,3751.0,1218.0,4,340000.0,0
1,1,1,2,3751.0,1550.0,4,267500.0,4
5,4,2,1,3751.0,2059.0,2,329000.0,4
5,4,4,2,2618.0,1550.0,2,1100000.0,0
4,8,6,2,3375.0,1550.0,2,195000.0,2
5,3,2,2,3920.0,1131.0,1,295000.0,4
5,4,2,1,3751.0,1900.0,2,240000.0,4
5,3,2,2,3210.0,984.0,1,300000.0,3
5,5,6,1,3483.0,5000.0,3,2150000.0,1
1,3,3,1,3751.0,1800.0,23,449000.0,4
1,2,2,1,3751.0,1400.0,4,625000.0,0
5,4,3,2,3751.0,2200.0,2,229000.0,4
5,2,1,2,3751.0,825.0,4,31900.0,4
5,10,11,4,6077.0,10940.0,2,4995000.0,0
5,3,1,2,3750.0,960.0,1,289900.0,4
5,3,2,2,3125.0,1147.0,2,209000.0,3
1,1,1,1,3751.0,750.0,33,195000.0,3
1,1,1,1,3751.0,900.0,29,139900.0,3
6,5,7,2,3751.0,7750.0,15,4350000.0,4
5,3,4,2,3751.0,1550.0,2,835000.0,0
5,4,2,2,1951.0,2000.0,2,635000.0,4
5,2,2,1,1982.0,1550.0,2,829000.0,2
1,3,3,2,3751.0,2290.0,3,395000.0,4
1,3,3,2,3751.0,1900.0,27,525000.0,3
5,3,2,2,3750.0,2120.0,2,379900.0,3
1,2,2,1,3751.0,1400.0,28,499000.0,3
1,3,2,2,3751.0,1550.0,3,615000.0,0
1,2,1,2,3751.0,1091.0,1,250000.0,4
5,3,3,2,3751.0,1640.0,1,159900.0,4
5,5,2,2,3125.0,1892.0,2,699000.0,2
5,5,6,2,2460.0,4950.0,3,2950000.0,2
1,0,1,1,3751.0,550.0,40,152995.0,3
5,4,4,2,4500.0,3800.0,2,749500.0,0
1,1,1,1,3751.0,1550.0,3,365000.0,4
1,2,2,2,3751.0,1550.0,4,495000.0,4
4,8,3,2,3750.0,2450.0,2,149000.0,1
5,10,10,5,9300.0,13400.0,3,9995000.0,2
4,6,4,2,3751.0,1550.0,2,285000.0,1
5,7,3,2,7301.0,5896.0,3,450000.0,1
5,4,4,2,3751.0,3735.0,2,1449999.0,1
5,2,4,2,3125.0,1550.0,2,900000.0,2
1,3,3,2,3751.0,1650.0,4,475000.0,1
5,4,3,2,7680.0,2700.0,3,939000.0,4
4,5,2,2,3751.0,1550.0,2,52900.0,1
5,4,5,3,17300.0,4005.0,2,1175000.0,1
5,3,2,2,3920.0,1200.0,2,146200.0,1
5,4,2,2,3746.0,1554.0,2,269000.0,3
1,4,4,1,3751.0,2800.0,3,799999.0,0
4,4,2,2,3751.0,1550.0,2,379900.0,1
4,8,3,2,10890.0,1550.0,2,405000.0,1
5,3,2,2,3907.0,1600.0,2,229500.0,4
5,4,3,2,11368.0,2200.0,3,689900.0,1
6,2,1,2,3751.0,1040.0,3,50000.0,4
5,4,3,2,8350.0,1550.0,2,215000.0,1
5,5,2,2,4500.0,2113.0,2,375000.0,4
4,6,2,2,3751.0,1550.0,2,350000.0,1
4,7,7,2,3920.0,4600.0,2,789000.0,1
1,3,2,1,3751.0,1550.0,3,350000.0,4
5,5,9,2,1912.0,7500.0,2,4500000.0,1
5,4,3,2,3123.0,1200.0,2,510000.0,1
1,2,2,1,3751.0,1550.0,42,324900.0,3
5,3,3,1,3751.0,2546.0,2,475000.0,1
1,3,5,2,3751.0,5000.0,20,1499000.0,1
5,3,2,2,3720.0,1731.0,2,359000.0,1
4,4,2,2,3750.0,1550.0,2,329000.0,4
5,3,2,2,3751.0,1550.0,3,449000.0,1
1,3,2,2,3751.0,1800.0,1,285000.0,0
5,5,4,2,3751.0,2900.0,2,279900.0,1
1,3,2,1,3751.0,1700.0,3,700000.0,0
5,3,2,2,8002.0,1851.0,1,269000.0,1
5,3,2,2,3751.0,3720.0,1,235000.0,4
5,7,8,3,4650.0,6965.0,2,4400000.0,0
5,4,2,1,3772.0,1542.0,2,350000.0,4
5,4,4,2,3751.0,2553.0,2,414900.0,3
1,4,3,2,3751.0,2600.0,3,325000.0,4
5,3,3,2,3125.0,2461.0,2,260000.0,1
5,1,1,2,3350.0,600.0,1,19900.0,4
5,3,4,1,3751.0,2500.0,2,599900.0,2
4,10,4,2,3000.0,4000.0,2,285000.0,4
6,3,2,2,3750.0,1465.0,2,285000.0,3
1,2,2,1,3751.0,1150.0,27,250000.0,3
5,4,2,2,3751.0,1250.0,2,29750.0,1
5,3,3,2,9750.0,3076.0,2,349000.0,1
5,3,3,2,4625.0,1361.0,1,350000.0,3
5,3,3,1,3750.0,1024.0,2,249900.0,4
1,1,1,1,3751.0,1550.0,21,180000.0,4
4,6,3,2,3125.0,1550.0,2,465000.0,1
1,2,1,2,3751.0,750.0,4,330000.0,4
5,3,2,2,3920.0,1300.0,1,239900.0,1
5,3,2,2,4200.0,1562.0,2,470000.0,4
1,3,2,2,3751.0,1750.0,5,549000.0,1
5,4,3,2,3751.0,954.0,2,80000.0,1
5,3,2,2,3751.0,1080.0,2,229900.0,3
4,4,2,2,3125.0,1550.0,2,35000.0,2
5,6,6,3,3500.0,5977.0,3,3200000.0,0
5,3,2,2,3123.0,1040.0,1,155000.0,3
5,5,2,2,6250.0,1512.0,2,337000.0,3
5,3,3,2,1944.0,1110.0,2,459900.0,4
5,4,3,2,6970.0,1911.0,2,435000.0,3
1,2,2,2,3751.0,950.0,3,235000.0,4
1,2,1,2,3751.0,878.0,3,47500.0,3
1,1,1,2,3751.0,800.0,8,153000.0,3
1,1,1,75,3751.0,713.0,7,245000.0,1
5,3,2,2,10454.0,1622.0,2,450000.0,1
6,3,3,1,3751.0,1800.0,2,64900.0,4
5,3,2,2,3705.0,1046.0,1,150000.0,4
4,5,2,2,3125.0,1550.0,2,59900.0,1
1,3,2,2,3751.0,1760.0,3,679000.0,0
5,4,2,2,1472.0,1246.0,2,195000.0,1
6,2,2,2,3751.0,1727.0,3,325000.0,0
5,3,2,2,4375.0,1182.0,2,280000.0,4
1,1,1,1,3751.0,770.0,19,209000.0,3
4,6,2,2,3900.0,1550.0,2,60000.0,2
4,5,3,2,3750.0,1550.0,2,320000.0,1
5,4,3,2,3964.0,3025.0,2,525000.0,4
5,3,2,2,3149.0,1120.0,1,235000.0,3
5,3,3,2,2928.0,2200.0,2,498000.0,1
1,2,2,2,3751.0,1200.0,3,319000.0,1
1,2,2,2,3751.0,1550.0,46,364900.0,0
1,4,3,2,3751.0,2500.0,26,699000.0,3
5,4,4,2,7719.0,3760.0,2,899900.0,1
1,2,2,1,3751.0,1550.0,100,439900.0,3
5,5,3,2,4125.0,4300.0,2,599999.0,4
1,2,2,2,3751.0,1300.0,4,415000.0,0
5,3,2,1,10803.0,892.0,1,239900.0,4
5,3,2,1,3703.0,1550.0,2,190000.0,4
1,3,1,2,3751.0,1400.0,3,125000.0,1
1,1,1,2,3751.0,1550.0,60,260000.0,3
1,2,2,2,3751.0,1550.0,7,379900.0,1
1,2,2,1,3751.0,1221.0,56,425000.0,0
5,3,2,2,8550.0,1550.0,1,230000.0,1
5,3,1,2,3125.0,1550.0,1,38900.0,4
5,3,1,2,3750.0,1550.0,2,324900.0,1
1,3,2,2,3751.0,2000.0,3,325000.0,4
4,6,2,3,3485.0,1550.0,2,199999.0,1
5,3,4,2,3598.0,1800.0,2,549900.0,0
1,4,3,2,3751.0,2350.0,4,1149999.0,4
5,3,3,1,3920.0,1546.0,2,315000.0,4
5,4,2,2,3125.0,1492.0,2,649900.0,1
4,7,5,2,4792.0,3400.0,2,719900.0,3
1,2,1,2,3751.0,1150.0,16,304500.0,4
6,2,1,2,2670.0,940.0,2,350000.0,4
1,2,2,1,3751.0,1400.0,37,499900.0,0
5,4,2,2,4000.0,1896.0,2,55900.0,1
4,4,2,2,3125.0,1550.0,2,199900.0,1
5,3,3,2,3751.0,1700.0,2,549000.0,4
5,4,2,2,3750.0,2397.0,2,339900.0,4
5,2,2,2,4721.0,1656.0,2,224873.0,4
5,3,2,2,3751.0,2358.0,2,325000.0,4
4,6,4,2,3625.0,1550.0,2,725000.0,1
4,5,2,2,2614.0,1550.0,2,475000.0,4
5,3,1,2,3751.0,1242.0,1,167500.0,4
5,4,2,2,3750.0,1428.0,2,149900.0,2
1,1,1,1,3751.0,1550.0,4,319900.0,0
1,3,3,1,3751.0,1600.0,61,650000.0,0
5,5,7,1,10781.0,10250.0,3,6500000.0,2
4,5,6,2,3125.0,1616.0,2,730000.0,4
4,6,2,2,3751.0,2349.0,2,375000.0,2
1,2,2,2,3751.0,1600.0,12,135000.0,1
1,3,2,2,3751.0,1650.0,12,249000.0,1
1,2,2,2,3751.0,1550.0,3,245000.0,1
1,2,1,2,3751.0,1000.0,30,279000.0,3
1,2,2,2,3751.0,1157.0,19,279900.0,3
1,1,1,2,3751.0,1550.0,4,325000.0,4
1,2,2,1,3751.0,1550.0,3,435000.0,0
4,4,2,2,3920.0,1550.0,2,94000.0,1
5,3,2,2,5053.0,1763.0,2,598000.0,4
5,3,3,2,3750.0,1248.0,1,489000.0,3
1,3,2,2,3751.0,1900.0,5,675000.0,0
1,2,2,1,3751.0,1550.0,4,670000.0,0
1,3,4,1,3751.0,2500.0,55,899000.0,3
5,3,3,2,3703.0,1535.0,2,385000.0,4
5,4,2,1,14643.0,1417.0,2,329000.0,4
5,6,5,2,8040.0,3519.0,3,1350000.0,2
5,4,4,2,3750.0,3200.0,2,570000.0,4
5,3,3,2,3075.0,2156.0,2,995000.0,2
5,5,2,2,3136.0,1738.0,3,215000.0,2
1,2,2,2,3751.0,1500.0,39,320000.0,4
1,3,3,2,3751.0,2100.0,5,800000.0,0
5,3,2,2,3576.0,1535.0,2,42000.0,4
1,2,2,2,3751.0,1425.0,20,299000.0,0
5,5,4,2,6691.0,3495.0,2,875000.0,4
5,2,1,1,5625.0,1000.0,1,375000.0,4
5,4,4,2,5900.0,3246.0,3,849000.0,4
5,3,1,2,3751.0,1080.0,1,264900.0,3
5,4,3,2,7200.0,2500.0,2,199999.0,1
5,4,3,2,5097.0,1550.0,2,450000.0,4
1,1,1,1,3751.0,1550.0,25,159000.0,3
5,3,3,2,4064.0,1450.0,2,245000.0,4
6,3,3,2,2664.0,2778.0,2,774500.0,4
4,5,4,3,5000.0,1550.0,2,298000.0,4
1,1,1,2,3751.0,1550.0,4,290000.0,1
1,1,1,2,3751.0,1550.0,3,325000.0,1
6,2,2,2,1984.0,1088.0,2,225000.0,2
5,2,2,2,4500.0,1550.0,2,379875.0,1
5,2,1,1,4000.0,880.0,2,79400.0,1
1,2,2,1,3751.0,1100.0,9,450000.0,0
5,3,1,2,5793.0,998.0,1,269900.0,4
1,2,1,2,3751.0,1200.0,17,299900.0,4
1,2,2,2,3751.0,1011.0,3,199000.0,3
5,3,1,1,4400.0,1433.0,2,429900.0,4
5,2,1,2,3751.0,1100.0,2,120000.0,4
5,2,2,2,3125.0,1100.0,2,149900.0,3
6,3,4,2,3751.0,2000.0,2,599000.0,0
6,3,3,2,3751.0,1550.0,4,850000.0,4
1,2,2,2,3751.0,1400.0,3,440000.0,1
5,4,3,2,2196.0,1800.0,2,299000.0,4
1,3,3,2,3751.0,1710.0,3,199900.0,1
1,2,2,1,3751.0,1700.0,45,415000.0,3
1,2,2,2,3751.0,1100.0,3,425000.0,0
1,2,2,1,40000.0,1278.0,5,300000.0,0
4,4,2,2,3048.0,1550.0,2,375000.0,1
5,2,2,2,7161.0,2400.0,1,599000.0,4
5,3,2,2,4840.0,1237.0,2,345000.0,3
1,1,1,2,3751.0,1000.0,3,279000.0,1
4,7,6,2,4880.0,1850.0,2,819000.0,3
5,2,2,2,3781.0,1079.0,1,362500.0,4
5,3,2,2,3117.0,1020.0,1,195000.0,3
5,3,3,2,3750.0,3000.0,2,534999.0,0
4,5,2,2,3125.0,1550.0,2,550000.0,4
5,5,7,2,2845.0,6500.0,3,3699000.0,2
1,1,1,2,3751.0,800.0,2,160000.0,1
5,5,4,1,1368.0,1550.0,3,2295000.0,4
4,4,2,2,3125.0,1550.0,2,585000.0,1
1,2,2,1,3751.0,1300.0,10,499900.0,4
5,5,2,2,10000.0,1550.0,3,375000.0,1
1,1,1,1,3751.0,1550.0,19,209900.0,4
1,2,1,2,3751.0,1550.0,4,225000.0,4
1,2,2,1,3751.0,1550.0,1,339000.0,0
5,4,5,1,1455.0,4700.0,3,1650000.0,1
4,4,2,1,3751.0,1550.0,2,124900.0,1
1,1,1,2,3751.0,1550.0,6,295000.0,1
5,2,2,2,3720.0,1900.0,1,329900.0,4
1,1,1,1,3751.0,750.0,1,113500.0,3
1,2,2,1,3751.0,1200.0,5,599000.0,0
4,7,2,2,3125.0,1550.0,2,169900.0,1
5,3,6,1,1200.0,5162.0,2,3800000.0,1
1,2,2,1,3751.0,1300.0,60,434900.0,0
1,1,1,1,3751.0,933.0,31,385000.0,0
1,3,3,2,3751.0,1600.0,3,599900.0,0
5,4,4,2,4687.0,1550.0,1,259000.0,4
5,5,7,3,3750.0,6100.0,2,3000000.0,1
4,6,3,2,3049.0,1550.0,2,405000.0,1
1,1,1,2,3751.0,1550.0,23,250000.0,3
4,7,4,2,3920.0,1550.0,2,315000.0,4
6,2,3,1,3751.0,1600.0,3,499999.0,0
6,2,2,1,3751.0,1550.0,3,429900.0,0
1,2,2,2,3751.0,1550.0,36,595000.0,3
1,3,2,1,3751.0,1089.0,4,427280.0,0
5,3,2,2,3198.0,1800.0,2,309900.0,4
5,3,3,2,3751.0,1500.0,1,269000.0,4
5,2,1,2,3780.0,828.0,2,176000.0,1
1,1,1,1,3751.0,1550.0,28,193900.0,3
4,6,4,2,4625.0,1550.0,2,116999.0,1
1,3,2,2,3751.0,1800.0,2,589000.0,1
5,2,2,2,3751.0,1320.0,2,215000.0,1
1,3,3,1,3751.0,2000.0,40,1000000.0,0
1,3,2,1,3751.0,1224.0,7,350000.0,0
1,2,2,2,3751.0,1550.0,4,799000.0,0
5,2,2,2,4883.0,2484.0,1,368000.0,1
1,1,2,1,3751.0,950.0,6,299900.0,4
1,2,2,2,3751.0,1550.0,5,100000.0,4
5,5,4,2,6168.0,3000.0,2,789900.0,0
4,5,2,2,3751.0,1550.0,2,89000.0,2
1,1,1,2,3751.0,650.0,15,130000.0,4
1,0,1,2,3751.0,1550.0,6,85000.0,4
1,2,2,2,3751.0,1800.0,4,612000.0,1
5,6,2,2,3125.0,1800.0,2,280000.0,3
1,2,2,2,3751.0,1500.0,3,749000.0,0
1,4,2,1,2750.0,1550.0,3,589900.0,0
5,3,1,2,4356.0,1156.0,2,69900.0,4
5,3,2,1,4720.0,1440.0,2,475000.0,4
1,2,2,2,3751.0,1300.0,4,285000.0,0
1,3,2,1,3751.0,1800.0,8,510000.0,4
1,4,6,2,3751.0,5349.0,8,2695000.0,0
5,3,3,2,3751.0,2184.0,2,329900.0,3
1,1,1,2,3751.0,750.0,12,44900.0,3
1,1,2,1,3751.0,1150.0,7,410000.0,0
5,2,3,2,5314.0,1152.0,2,159500.0,1
5,2,2,2,3751.0,1800.0,1,264888.0,4
1,2,2,1,3751.0,1470.0,4,729900.0,0
1,2,2,2,3751.0,1550.0,2,225000.0,1
5,4,2,2,3125.0,1690.0,2,134900.0,1
5,2,3,2,3750.0,1216.0,2,299900.0,4
4,4,3,2,3750.0,1550.0,2,593000.0,1
5,3,3,2,3123.0,1800.0,2,449000.0,1
5,2,2,2,3811.0,2000.0,2,250000.0,4
5,1,1,2,3751.0,720.0,2,210000.0,4
5,4,3,3,3751.0,2100.0,2,309999.0,2
5,3,1,2,5000.0,1092.0,1,165000.0,1
6,3,2,1,3751.0,1146.0,2,329900.0,4
5,3,3,2,3751.0,2140.0,2,299900.0,1
6,4,4,2,3751.0,3766.0,4,2350000.0,0
1,2,2,1,3751.0,1000.0,28,250000.0,3
1,1,1,1,3751.0,1250.0,1,295500.0,1
1,2,3,1,3751.0,1902.0,52,849900.0,0
5,3,2,2,2856.0,1216.0,1,189000.0,1
5,3,2,1,4375.0,1362.0,1,189900.0,4
5,4,2,2,3750.0,1080.0,2,339000.0,4
1,4,2,2,3751.0,1625.0,3,285000.0,4
5,3,3,2,3751.0,2000.0,2,425000.0,4
5,4,4,2,3123.0,1550.0,2,1250000.0,1
5,3,2,2,2700.0,1553.0,1,399900.0,2
1,2,2,1,3751.0,1300.0,6,450000.0,0
5,4,3,2,3751.0,1458.0,2,299900.0,4
4,5,2,2,3751.0,1550.0,2,380000.0,1
1,2,2,1,3751.0,1550.0,4,545000.0,0
5,5,6,5,8784.0,8000.0,3,5695000.0,0
5,5,7,3,6250.0,8800.0,3,2285000.0,0
5,4,3,2,3750.0,2150.0,2,349700.0,4
1,2,2,1,3751.0,1550.0,3,405000.0,1
4,8,6,4,7192.0,1550.0,2,479900.0,1
4,5,2,2,3485.0,1550.0,2,224900.0,1
1,3,3,1,3751.0,2800.0,4,800000.0,0
1,3,3,2,3751.0,1700.0,12,185000.0,4
1,2,2,1,3751.0,1401.0,58,510000.0,0
5,7,6,1,7000.0,6016.0,2,2650000.0,2
1,1,1,1,3751.0,785.0,26,165000.0,4
5,4,3,2,4625.0,1125.0,2,425000.0,1
5,3,4,2,2400.0,1550.0,2,1195000.0,2
5,5,3,2,4312.0,1278.0,2,439000.0,4
5,3,3,2,3750.0,2950.0,2,440000.0,4
4,7,4,2,3751.0,1550.0,2,275000.0,4
1,3,2,1,3751.0,1850.0,4,850000.0,0
4,5,2,2,2976.0,1550.0,2,225000.0,1
5,5,3,2,4583.0,1335.0,2,299000.0,1
1,3,2,2,3751.0,1886.0,3,399800.0,4
4,5,2,2,2208.0,1550.0,2,349900.0,4
5,3,2,2,3751.0,2170.0,2,499900.0,4
4,6,3,2,6250.0,1550.0,2,90000.0,4
6,2,2,1,3751.0,1200.0,2,450000.0,0
5,6,5,2,1930.0,1550.0,3,1199000.0,1
5,3,4,2,3751.0,4000.0,2,965000.0,0
1,2,1,2,3751.0,1550.0,4,224900.0,4
4,4,2,2,3485.0,1550.0,2,140000.0,1
1,1,1,2,3751.0,1550.0,3,245000.0,4
5,3,2,2,3990.0,1007.0,2,299900.0,4
5,3,3,2,4687.0,1320.0,1,269000.0,4
1,2,3,1,3751.0,1550.0,6,419000.0,0
5,2,2,2,3751.0,1550.0,2,459000.0,4
1,2,2,1,3751.0,1550.0,21,435000.0,3
5,6,7,2,3751.0,8000.0,2,8500000.0,4
5,2,1,2,3750.0,900.0,1,349900.0,4
4,12,4,2,3751.0,1550.0,2,629900.0,4
1,2,2,2,3751.0,1300.0,3,569900.0,0
6,3,3,2,3751.0,1550.0,4,885000.0,0
1,2,2,2,3751.0,1300.0,3,425000.0,4
5,3,3,2,3660.0,1590.0,2,449000.0,4
1,2,2,1,3751.0,1238.0,53,649000.0,0
4,6,3,2,3750.0,1550.0,2,189900.0,1
1,0,3,2,3751.0,1550.0,5,689900.0,1
1,2,2,2,3751.0,850.0,3,195000.0,1
1,3,2,2,3751.0,1800.0,3,535000.0,1
5,4,2,2,3625.0,1750.0,2,315000.0,1
6,2,2,2,450.0,1177.0,2,60000.0,3
5,4,4,2,3659.0,2862.0,2,210000.0,4
1,1,1,2,3751.0,750.0,6,140000.0,3
5,6,9,3,3354.0,1550.0,2,7900000.0,2
5,3,2,2,3750.0,1550.0,2,429900.0,4
1,2,1,2,3751.0,900.0,3,219900.0,0
5,4,2,2,3751.0,1040.0,2,220000.0,3
1,3,3,1,3751.0,1550.0,3,144900.0,4
1,3,3,1,3751.0,2100.0,2,685000.0,0
5,2,2,2,4560.0,2150.0,1,419000.0,4
1,1,1,2,3751.0,850.0,3,299000.0,1
1,2,3,2,3751.0,1550.0,5,529000.0,1
5,4,3,2,3659.0,1550.0,2,825000.0,1
4,9,3,2,2618.0,1550.0,2,185000.0,2
1,2,1,2,3751.0,870.0,3,99000.0,4
5,2,3,2,5000.0,1176.0,2,384900.0,3
1,2,1,2,3751.0,900.0,2,95999.0,1
4,8,4,2,3100.0,4202.0,2,699999.0,1
1,1,1,2,3751.0,1550.0,28,225000.0,3
4,8,4,2,2598.0,1550.0,2,498000.0,1
5,6,3,2,3751.0,2532.0,2,209900.0,1
4,6,5,2,3000.0,5400.0,2,825000.0,4
6,3,4,2,3751.0,1540.0,3,355000.0,0
1,2,1,2,3751.0,1000.0,3,225000.0,4
5,3,2,2,3751.0,1008.0,1,299990.0,4
5,3,3,2,5292.0,1152.0,1,319500.0,3
5,4,1,2,2500.0,753.0,2,39000.0,3
1,4,3,2,3751.0,2400.0,3,639000.0,1
5,3,2,2,3751.0,1173.0,1,299000.0,3
5,3,3,2,6660.0,1818.0,1,699000.0,4
4,4,2,2,3750.0,1550.0,2,299900.0,1
5,3,2,2,5214.0,1296.0,2,190000.0,1
1,2,1,2,3751.0,1000.0,3,230000.0,3
5,3,1,2,3125.0,1205.0,1,79900.0,4
5,4,3,2,3125.0,1425.0,2,350000.0,4
1,2,2,2,3751.0,1088.0,24,270000.0,3
5,4,3,2,3125.0,3531.0,2,410000.0,4
5,6,5,1,3751.0,4250.0,3,1275000.0,2
1,3,2,2,3751.0,1615.0,3,449000.0,4
1,2,1,1,3751.0,960.0,31,250000.0,3
5,3,2,2,3600.0,2582.0,2,348000.0,3
1,3,2,2,3751.0,1300.0,4,389900.0,3
1,2,2,2,3751.0,1325.0,4,440000.0,0
1,2,2,1,3751.0,1300.0,60,425000.0,0
1,1,1,2,3751.0,738.0,7,244900.0,1
5,3,3,3,5125.0,1450.0,2,295000.0,4
1,2,2,1,3751.0,1600.0,3,875000.0,0
1,2,2,1,3751.0,1200.0,10,449500.0,0
6,4,3,2,3751.0,2460.0,3,790000.0,3
5,3,4,2,3075.0,3000.0,2,539900.0,1
1,1,1,1,3751.0,750.0,12,170000.0,1
5,4,3,3,5000.0,1990.0,2,385000.0,4
4,6,3,2,6250.0,1550.0,2,119900.0,1
5,3,3,2,2648.0,1250.0,2,385000.0,3
5,4,3,2,6750.0,3324.0,3,1685000.0,4
4,6,3,2,3750.0,1550.0,2,369000.0,1
5,3,4,2,3354.0,1936.0,2,619900.0,0
5,3,2,2,4375.0,1443.0,2,177900.0,4
1,1,1,1,3751.0,1550.0,19,208000.0,3
1,2,2,2,3751.0,1780.0,4,550000.0,1
1,2,1,2,3751.0,1400.0,2,373000.0,2
5,4,4,2,3000.0,1550.0,2,1695000.0,0
5,3,1,2,3136.0,1276.0,2,43500.0,1
4,7,3,2,3875.0,3778.0,2,549900.0,1
1,1,1,2,3751.0,850.0,3,140000.0,1
5,3,2,1,4000.0,1550.0,1,350000.0,3
4,7,4,2,6098.0,1550.0,2,159900.0,2
1,1,1,2,3751.0,1550.0,24,200000.0,3
1,1,2,2,3751.0,1300.0,4,399900.0,1
5,6,7,3,7200.0,7000.0,3,6900000.0,0
5,4,3,2,4792.0,2100.0,2,335000.0,1
1,2,1,1,3751.0,1035.0,30,365000.0,0
5,4,1,2,4305.0,1679.0,2,339900.0,1
1,2,2,1,3751.0,916.0,3,349000.0,1
5,2,2,2,3999.0,1087.0,2,188000.0,4
1,3,2,1,3751.0,1600.0,4,479900.0,1
1,6,6,2,3751.0,1550.0,2,2995000.0,4
5,4,2,2,4138.0,1550.0,2,375000.0,4
6,4,5,1,3751.0,5196.0,17,1599999.0,4
5,3,3,2,3900.0,1200.0,2,299999.0,4
5,6,6,2,2357.0,6300.0,3,2900000.0,1
5,5,4,2,3751.0,3000.0,2,330000.0,2
5,4,2,2,3751.0,1692.0,1,189900.0,4
5,3,3,2,3751.0,2520.0,2,559000.0,4
1,0,1,2,3751.0,585.0,29,125000.0,4
5,0,1,2,3751.0,550.0,2,165000.0,3
5,3,2,2,3751.0,2300.0,2,289000.0,1
1,0,1,2,3751.0,600.0,55,130000.0,3
5,3,2,2,3751.0,1436.0,2,129900.0,0
5,2,1,1,3746.0,1018.0,1,215000.0,4
5,3,3,2,3001.0,1944.0,2,559999.0,2
5,3,2,2,3751.0,2107.0,2,315000.0,3
6,3,4,2,2640.0,2320.0,3,659999.0,0
5,4,2,2,10175.0,3200.0,2,475000.0,3
1,6,9,4,3751.0,7000.0,74,3000000.0,3
4,12,4,2,4704.0,1550.0,2,595000.0,1
4,5,2,2,3750.0,1550.0,2,121900.0,1
5,4,3,2,3125.0,1722.0,2,265000.0,1
1,2,3,1,3751.0,1600.0,4,599000.0,0
1,2,1,2,3751.0,1300.0,3,519000.0,1
1,2,1,2,3751.0,1550.0,15,169900.0,4
4,7,3,2,3750.0,1550.0,2,595000.0,4
1,2,1,2,3751.0,1000.0,3,200000.0,1
1,3,2,1,3751.0,1550.0,4,1050000.0,0
5,4,4,2,5040.0,3400.0,2,228900.0,4
4,4,3,2,3712.0,2500.0,2,150000.0,1
5,5,3,2,3125.0,2500.0,2,399000.0,1
5,4,2,2,4500.0,960.0,2,149900.0,4
1,2,2,2,3751.0,1200.0,29,315000.0,3
1,4,2,2,3751.0,2500.0,4,375000.0,1
5,4,4,2,1999.0,2932.0,2,929900.0,4
1,3,3,2,3751.0,2400.0,2,649000.0,0
4,6,4,2,3250.0,1550.0,2,239000.0,1
5,4,2,2,29621.0,1735.0,2,125000.0,1
5,2,2,2,3751.0,940.0,2,84900.0,4
5,3,1,2,4312.0,1042.0,2,109000.0,3
5,5,3,2,5250.0,1470.0,2,410000.0,1
1,2,2,2,3751.0,1800.0,12,359000.0,4
1,2,2,2,3751.0,1500.0,6,519900.0,1
1,1,1,2,3751.0,1550.0,4,299000.0,4
1,1,1,2,3751.0,1550.0,25,100000.0,3
1,2,1,2,3751.0,1550.0,16,260000.0,3
5,3,2,2,4125.0,1508.0,2,126000.0,4
4,12,8,2,4950.0,1550.0,2,1400000.0,0
5,3,3,2,3751.0,1800.0,2,605000.0,4
5,3,2,2,2940.0,1400.0,1,219900.0,1
5,3,2,2,3751.0,1800.0,2,489000.0,3
5,3,2,2,3751.0,1202.0,2,379900.0,4
1,2,1,2,3751.0,825.0,40,317500.0,3
1,2,4,4,3751.0,3400.0,25,3750000.0,0
4,4,3,2,3125.0,1550.0,2,284900.0,1
1,1,2,1,3751.0,800.0,21,180000.0,3
1,3,2,1,3751.0,1900.0,3,299900.0,4
5,3,2,2,3125.0,1550.0,2,179000.0,4
1,1,1,2,3751.0,1052.0,10,230000.0,1
1,1,1,2,3751.0,725.0,60,275000.0,3
4,12,8,2,3751.0,1550.0,2,810000.0,1
5,3,2,2,3125.0,1307.0,2,364900.0,4
5,3,2,2,4835.0,1176.0,2,350000.0,4
1,2,2,1,3751.0,1550.0,17,499000.0,0
1,2,2,1,3751.0,1250.0,26,395000.0,4
5,3,2,2,3750.0,960.0,1,319999.0,4
4,7,3,2,3049.0,1550.0,2,110000.0,4
5,3,3,2,6579.0,2755.0,2,685000.0,4
1,2,2,1,3751.0,1700.0,44,399000.0,3
5,4,2,2,3125.0,2016.0,2,73800.0,1
5,4,3,2,3125.0,2876.0,2,250000.0,4
5,5,3,2,3550.0,1550.0,2,269997.0,4
4,7,3,2,3125.0,1550.0,2,449900.0,4
1,2,2,1,3751.0,1250.0,7,425000.0,1
1,2,2,2,3751.0,1300.0,10,588000.0,0
1,2,2,1,3751.0,1225.0,26,435000.0,0
1,2,2,2,3751.0,1550.0,4,299900.0,0
1,2,1,1,3751.0,900.0,3,149900.0,3
1,3,2,2,3751.0,2200.0,18,285000.0,1
5,2,1,1,4375.0,1234.0,2,449000.0,4
1,2,2,2,3751.0,1200.0,4,499000.0,2
5,3,1,2,4051.0,1104.0,1,130000.0,4
1,2,3,2,3751.0,1550.0,3,599900.0,0
1,3,3,1,3751.0,2200.0,36,485000.0,3
5,4,2,2,3485.0,3781.0,2,195000.0,1
6,3,1,2,3751.0,832.0,2,174000.0,4
4,9,3,3,4356.0,1550.0,2,350000.0,4
4,6,2,2,3720.0,1550.0,2,669000.0,1
1,0,1,1,3751.0,550.0,56,160000.0,3
6,2,2,2,3751.0,1007.0,2,25000.0,3
5,6,4,2,3600.0,2981.0,2,479999.0,4
1,2,3,1,3751.0,1700.0,2,415000.0,0
6,3,3,2,1974.0,1550.0,2,650000.0,3
5,6,7,4,3241.0,8380.0,3,5600000.0,0
4,6,2,2,3751.0,1550.0,2,650000.0,1
5,3,4,2,4469.0,2400.0,3,830000.0,1
5,3,3,2,3751.0,1495.0,1,359900.0,4
6,2,2,2,3751.0,1049.0,2,110000.0,4
1,2,2,1,3751.0,1550.0,11,695000.0,0
5,3,2,2,2500.0,1495.0,2,275000.0,0
5,5,7,2,16348.0,10000.0,3,2999000.0,1
1,2,2,1,3751.0,1250.0,54,317000.0,3
4,5,3,3,3485.0,2192.0,2,699900.0,1
5,5,6,3,7350.0,4200.0,3,1245000.0,4
5,3,5,2,3136.0,4000.0,2,650000.0,1
5,3,4,2,5119.0,3000.0,2,965000.0,4
4,6,2,2,10890.0,1550.0,2,200000.0,4
1,2,2,2,3751.0,1012.0,5,195000.0,3
5,3,4,2,3354.0,2411.0,2,579900.0,4
5,3,2,1,5000.0,2340.0,2,399999.0,4
5,4,2,2,3600.0,1550.0,2,174900.0,2
5,2,2,2,4269.0,1345.0,2,90000.0,4
1,3,2,1,3751.0,2000.0,14,249900.0,3
5,2,2,1,2280.0,1400.0,2,324900.0,1
5,4,4,2,2378.0,2875.0,3,974900.0,0
5,3,3,1,3751.0,2950.0,2,349900.0,4
6,3,2,2,3751.0,1885.0,3,550000.0,3
5,2,2,2,3751.0,1200.0,2,188000.0,4
5,4,3,2,5624.0,3333.0,2,679900.0,4
5,4,3,2,4797.0,1932.0,2,665000.0,4
1,3,2,2,3751.0,2000.0,3,625000.0,1
4,21,8,2,5227.0,1550.0,2,750000.0,1
5,2,2,2,3125.0,2080.0,1,619000.0,4
5,3,2,2,3750.0,1000.0,2,349900.0,4
5,3,3,2,3123.0,1550.0,2,1199000.0,4
5,3,2,1,5004.0,1322.0,1,469000.0,1
5,3,2,2,2880.0,1550.0,2,650000.0,4
5,2,2,2,3751.0,1550.0,1,479900.0,4
5,3,1,2,3125.0,1469.0,2,49900.0,1
1,1,1,2,3751.0,906.0,119,325000.0,1
5,4,2,2,3750.0,1500.0,2,275000.0,4
1,2,1,1,3751.0,1550.0,3,235000.0,1
5,6,3,3,5837.0,5800.0,3,1500000.0,1
5,3,2,2,3149.0,1100.0,1,319900.0,4
4,6,4,2,3049.0,1550.0,2,1695000.0,4
1,2,2,1,3751.0,1564.0,6,550000.0,0
5,3,3,2,2300.0,1550.0,2,735000.0,4
1,3,2,2,3751.0,1200.0,23,274500.0,4
1,3,2,2,3751.0,1800.0,3,269900.0,0
4,6,2,2,3920.0,1550.0,2,135000.0,1
1,5,5,2,3751.0,4835.0,9,5100000.0,0
5,3,1,2,4725.0,1200.0,1,134500.0,1
1,1,1,1,3751.0,1550.0,19,189900.0,4
4,11,8,2,4000.0,1550.0,2,835000.0,4
1,2,2,2,3751.0,1350.0,4,435000.0,1
5,4,5,2,9519.0,4384.0,2,869000.0,4
5,4,6,2,2836.0,5500.0,3,3495000.0,4
5,3,3,2,3872.0,1210.0,2,259900.0,4
5,6,3,2,4125.0,1550.0,2,474900.0,4
5,4,2,2,4375.0,1460.0,2,169900.0,2
1,2,1,2,3751.0,1100.0,1,164900.0,3
4,6,2,2,7076.0,1550.0,2,650000.0,4
5,3,3,2,3751.0,1550.0,2,689000.0,1
5,3,3,1,3751.0,2600.0,2,625000.0,4
5,3,2,2,3125.0,1124.0,1,313000.0,4
5,4,2,2,2962.0,1360.0,2,267400.0,1
5,4,2,2,3125.0,1082.0,2,125500.0,3
5,3,2,1,3751.0,1525.0,2,290000.0,3
1,3,3,2,3751.0,2400.0,20,900000.0,0
5,2,1,2,3751.0,1113.0,1,100000.0,1
1,4,3,2,3751.0,1550.0,2,415000.0,0
1,2,2,1,3751.0,1218.0,79,800000.0,0
1,1,1,2,3751.0,700.0,2,110000.0,3
5,3,2,1,3751.0,1550.0,2,395000.0,1
6,2,1,1,3751.0,891.0,2,219000.0,4
5,4,3,2,3125.0,1943.0,2,550000.0,1
5,2,1,2,5663.0,1040.0,2,299000.0,4
1,3,3,1,3751.0,1550.0,3,579000.0,0
1,3,2,2,3751.0,1550.0,27,685000.0,0
5,3,1,2,6250.0,1075.0,1,275000.0,3
5,4,3,2,3751.0,2515.0,2,560000.0,4
4,12,4,2,3125.0,3504.0,2,420000.0,4
1,2,2,1,3751.0,1335.0,30,384900.0,0
1,3,2,2,3751.0,1550.0,3,199900.0,0
5,4,3,2,3751.0,1848.0,2,349900.0,2
5,4,3,3,3751.0,2344.0,2,458500.0,4
5,3,2,2,5000.0,1320.0,2,319900.0,4
1,1,1,1,3751.0,550.0,30,249000.0,3
5,3,3,2,6922.0,2200.0,2,294999.0,1
4,9,6,3,3720.0,1550.0,2,267750.0,1
5,3,2,2,3751.0,1075.0,2,169900.0,3
5,3,2,2,3751.0,1207.0,2,169900.0,4
5,1,1,2,3751.0,900.0,3,135000.0,1
5,3,2,3,6749.0,1517.0,1,549000.0,4
1,5,5,2,3751.0,3510.0,2,1600000.0,0
5,4,3,2,3750.0,1550.0,2,635000.0,1
5,3,1,2,3001.0,1000.0,1,270000.0,4
5,2,3,1,3751.0,2240.0,2,699000.0,4
5,3,4,2,3751.0,3000.0,2,549000.0,1
5,4,3,3,8600.0,1650.0,2,437500.0,1
5,4,2,2,6554.0,1504.0,2,439000.0,1
5,2,1,2,3751.0,1200.0,3,137500.0,1
5,3,3,2,6199.0,2400.0,2,599000.0,4
1,4,4,2,3751.0,4308.0,26,3950000.0,0
1,2,2,1,3751.0,1050.0,4,349999.0,1
5,3,2,2,3751.0,893.0,1,290000.0,4
6,4,3,1,3751.0,2700.0,4,1030000.0,3
4,6,2,2,3250.0,1550.0,2,159900.0,1
1,1,1,1,3751.0,1550.0,56,149500.0,3
1,4,3,8,3751.0,1550.0,4,479900.0,0
1,2,2,2,3751.0,1400.0,3,185000.0,4
5,3,3,2,3125.0,2251.0,2,624900.0,1
1,2,2,2,3751.0,1550.0,5,240000.0,1
1,2,2,2,3751.0,1300.0,3,450000.0,0
1,3,3,1,3751.0,1800.0,5,599900.0,0
6,4,2,2,3751.0,1600.0,3,799000.0,3
6,4,4,2,3751.0,2700.0,2,899000.0,3
1,3,2,2,3751.0,1000.0,3,269900.0,1
1,2,2,2,3751.0,1550.0,3,272000.0,4
5,2,2,1,4050.0,1307.0,1,245000.0,4
5,6,5,2,10890.0,5140.0,3,2225000.0,1
5,4,3,2,1924.0,3500.0,2,1749000.0,2
5,2,2,2,3125.0,1022.0,1,375000.0,3
1,2,2,2,3751.0,1550.0,3,225000.0,4
5,4,4,2,3125.0,3300.0,3,1100000.0,0
4,11,3,2,3049.0,4500.0,2,599000.0,1
5,2,2,1,3751.0,2200.0,2,495000.0,4
5,4,3,1,3751.0,2600.0,2,599000.0,4
5,3,2,2,3781.0,1516.0,2,276000.0,4
1,3,3,1,3751.0,1550.0,3,785000.0,4
1,2,2,2,3751.0,1145.0,18,369000.0,0
5,4,2,2,4675.0,1904.0,2,249900.0,4
5,3,4,2,1541.0,2698.0,3,1200000.0,1
5,3,4,2,3750.0,3800.0,2,1349000.0,1
5,3,4,2,1991.0,3050.0,3,2200000.0,0
1,2,2,2,3751.0,1400.0,4,439900.0,0
1,2,2,1,3751.0,1550.0,3,465000.0,0
5,3,2,2,4375.0,1750.0,2,279500.0,4
1,2,1,2,15000.0,1000.0,14,75000.0,3
5,5,2,1,3735.0,3554.0,1,295000.0,4
5,4,3,2,4600.0,2300.0,2,360000.0,1
1,1,1,2,3751.0,906.0,29,105000.0,3
1,2,2,1,3751.0,1525.0,1,525900.0,0
1,5,6,3,3751.0,4700.0,6,3595000.0,0
1,2,2,2,3751.0,1000.0,3,269000.0,4
1,3,3,2,3751.0,1509.0,3,275000.0,4
5,3,4,1,1800.0,5460.0,3,3735000.0,1
6,3,2,2,3751.0,936.0,2,99000.0,4
4,9,6,2,3049.0,1550.0,2,299896.0,0
5,4,3,2,3136.0,2200.0,2,335000.0,1
1,2,2,2,3751.0,1200.0,20,165000.0,3
5,3,2,2,3751.0,1350.0,2,294900.0,1
5,5,5,2,2400.0,1550.0,3,2799900.0,0
5,5,2,2,6450.0,1800.0,2,210000.0,1
1,2,2,2,3751.0,1100.0,2,153000.0,3
4,4,2,2,2700.0,1800.0,2,849900.0,1
5,4,2,2,3751.0,2000.0,2,100000.0,1
5,5,2,2,6800.0,1700.0,2,139900.0,4
1,2,2,2,3751.0,1550.0,24,309000.0,4
1,1,1,2,3751.0,454.0,2,140000.0,4
1,2,1,1,3751.0,990.0,25,325000.0,3
5,4,2,2,4500.0,1856.0,2,349900.0,1
5,3,3,2,2400.0,1550.0,2,995000.0,2
5,3,1,1,6621.0,816.0,1,259900.0,1
5,6,2,2,5227.0,2217.0,2,176000.0,4
4,7,6,2,3125.0,1550.0,2,252798.0,4
5,4,2,1,7550.0,1642.0,2,659000.0,4
1,1,1,2,3751.0,1100.0,4,245000.0,3
5,8,8,3,5888.0,6000.0,3,2499000.0,1
1,3,2,1,3751.0,1550.0,4,525000.0,0
5,3,2,2,4138.0,1891.0,2,379999.0,4
1,3,2,2,3751.0,1550.0,7,599000.0,0
1,3,2,2,3751.0,1800.0,3,450000.0,4
5,6,5,3,3750.0,4200.0,2,1925000.0,0
5,3,3,2,3899.0,1712.0,2,365000.0,4
1,2,2,2,3751.0,980.0,5,259999.0,3
1,2,2,2,3751.0,1550.0,2,320000.0,2
5,5,2,2,3750.0,2100.0,2,299900.0,4
4,5,5,2,3049.0,1550.0,2,260000.0,1
5,3,2,2,3125.0,1550.0,1,259900.0,3
1,3,2,1,3751.0,1550.0,4,975000.0,0
1,1,1,1,3751.0,1550.0,8,305000.0,0
6,2,3,1,3751.0,1550.0,2,499000.0,0
1,3,2,2,3751.0,1430.0,3,310000.0,3
5,5,3,2,3149.0,1987.0,2,358000.0,1
5,4,2,1,3720.0,1191.0,2,315000.0,1
5,4,3,2,3751.0,1809.0,2,384000.0,1
1,1,1,1,3751.0,1100.0,5,267000.0,0
4,10,7,2,3125.0,6000.0,2,1350000.0,0
4,9,5,2,3750.0,1550.0,2,575000.0,3
5,3,1,2,1742.0,992.0,2,150000.0,4
4,8,4,2,3125.0,1550.0,2,199000.0,3
5,3,1,2,3751.0,978.0,1,115000.0,1
5,3,2,2,2448.0,1626.0,2,385000.0,1
1,1,1,2,3751.0,773.0,14,125000.0,3
5,3,2,2,3125.0,1550.0,2,350000.0,1
5,2,3,2,1442.0,1550.0,1,650000.0,2
4,8,3,2,3049.0,1550.0,2,400000.0,1
5,3,3,2,3990.0,2478.0,2,450000.0,0
5,3,4,2,8712.0,2736.0,2,489900.0,0
5,3,3,2,3750.0,2520.0,2,365000.0,4
4,4,2,2,3751.0,1550.0,2,395000.0,4
5,3,3,2,4260.0,2000.0,2,625000.0,1
4,4,2,2,3125.0,1550.0,2,324900.0,1
5,4,2,2,3751.0,1404.0,2,339000.0,3
5,4,2,2,4883.0,2052.0,2,499100.0,3
1,2,2,1,3751.0,1000.0,5,200000.0,3
6,2,3,1,3751.0,1550.0,2,499900.0,3
4,4,2,2,3100.0,1550.0,2,129000.0,1
5,3,2,2,3751.0,1600.0,2,244000.0,3
5,3,2,2,3746.0,1404.0,2,229900.0,4
1,2,2,2,3751.0,1550.0,3,315000.0,1
4,6,4,2,3125.0,1550.0,2,475000.0,2
5,3,2,2,3690.0,1360.0,1,419000.0,4
5,3,3,2,3650.0,1550.0,2,409000.0,2
5,3,2,2,3720.0,1200.0,2,324900.0,4
5,4,3,2,3751.0,1535.0,2,790000.0,1
1,2,2,2,3751.0,1050.0,4,484000.0,4
5,4,3,2,7500.0,2300.0,3,799900.0,1
5,4,4,2,3751.0,3363.0,2,419900.0,1
1,3,3,1,3751.0,2515.0,4,1000000.0,1
5,3,3,1,5456.0,1359.0,2,550000.0,4
5,5,3,2,6037.0,3200.0,2,400000.0,1
1,2,2,1,3751.0,1300.0,27,450000.0,3
1,3,2,2,3751.0,1500.0,3,288500.0,4
1,1,1,2,3751.0,933.0,6,365000.0,0
5,3,2,2,3751.0,1232.0,2,289900.0,4
1,2,2,2,3751.0,1550.0,18,290000.0,3
1,1,1,2,3751.0,1550.0,10,225000.0,0
1,3,3,2,3751.0,1806.0,70,865000.0,3
4,5,3,3,3751.0,1550.0,2,199000.0,1
5,3,2,2,5293.0,1533.0,2,310000.0,0
1,2,2,2,3751.0,1900.0,12,389500.0,4
5,3,3,2,3125.0,1550.0,2,340000.0,4
5,3,2,2,2701.0,950.0,1,329500.0,3
5,4,2,2,4792.0,1413.0,2,250000.0,4
4,5,3,2,3049.0,1550.0,2,612893.0,1
1,3,2,2,3751.0,1204.0,3,425000.0,0
1,1,1,1,3751.0,1550.0,3,380000.0,0
5,2,1,2,4032.0,945.0,1,259900.0,4
1,2,2,1,3751.0,1550.0,3,550000.0,0
5,3,1,2,2976.0,860.0,2,111900.0,2
4,5,2,2,3049.0,2600.0,2,229000.0,1
1,2,1,2,3751.0,1400.0,19,259000.0,1
5,4,3,2,3751.0,3000.0,2,135900.0,4
4,6,3,2,4000.0,1550.0,2,399900.0,4
5,4,3,1,2065.0,1550.0,3,849000.0,1
1,2,2,1,3751.0,1825.0,40,835000.0,3
5,3,2,2,3751.0,1239.0,1,309999.0,3
1,2,2,2,3751.0,1500.0,4,565000.0,1
1,2,2,2,3751.0,1350.0,4,155000.0,4
1,3,3,2,3751.0,1800.0,54,725000.0,3
1,2,2,1,3751.0,1250.0,3,485000.0,0
5,3,4,2,10725.0,3336.0,2,1250000.0,3
1,3,3,1,3751.0,2200.0,2,549000.0,0
4,7,4,2,3049.0,1550.0,2,779000.0,1
5,2,2,2,3872.0,1211.0,2,115000.0,4
4,5,2,2,3751.0,1550.0,2,185000.0,1
4,4,2,2,5000.0,1550.0,2,369900.0,4
5,4,2,2,3125.0,2478.0,2,499900.0,4
1,1,1,2,3751.0,1200.0,7,225000.0,1
6,3,4,2,1180.0,2300.0,3,599900.0,0
5,3,3,2,3125.0,1426.0,2,215000.0,1
1,3,4,2,3751.0,2900.0,39,655000.0,3
1,2,1,2,3751.0,1100.0,3,123000.0,1
1,3,3,2,3751.0,1550.0,3,850000.0,0
5,4,3,2,3123.0,1550.0,1,899950.0,4
5,5,3,2,3025.0,2536.0,2,49900.0,1
1,1,1,1,3751.0,816.0,55,210000.0,3
1,1,1,1,3751.0,1100.0,18,350000.0,4
1,3,4,1,3751.0,2400.0,3,799000.0,0
6,3,3,1,3751.0,1750.0,2,475000.0,3
5,4,5,2,8117.0,1550.0,2,1600000.0,4
5,4,3,2,6250.0,1674.0,2,159900.0,4
1,2,2,1,3751.0,1350.0,14,510000.0,0
4,7,2,1,2614.0,960.0,2,280000.0,1
5,4,2,2,3125.0,1359.0,2,99000.0,1
5,2,1,2,3150.0,1200.0,2,315000.0,1
5,4,3,2,2652.0,1400.0,2,125000.0,1
5,4,4,2,2625.0,3300.0,3,1250000.0,3
1,3,2,2,3751.0,1550.0,3,109900.0,1
5,3,2,2,3125.0,1080.0,2,215000.0,1
5,4,4,2,3751.0,3600.0,2,1050000.0,1
1,3,2,1,3751.0,1550.0,3,409000.0,0
5,4,4,2,2520.0,1550.0,2,1350000.0,0
5,3,1,2,3125.0,900.0,2,153000.0,4
5,4,6,1,3751.0,4350.0,2,1149000.0,4
6,4,3,1,3751.0,1550.0,3,524900.0,0
1,1,1,2,3751.0,735.0,5,169000.0,0
4,6,2,2,4059.0,3108.0,2,149000.0,2
5,3,2,2,3751.0,2080.0,1,319900.0,3
1,3,2,1,3751.0,1498.0,27,260000.0,3
1,3,3,3,3751.0,3700.0,37,1449000.0,0
4,6,5,2,6200.0,3654.0,2,749000.0,4
5,3,2,2,4059.0,1550.0,2,215000.0,1
2,0,0,0,3125.0,0.0,0,84500.0,0
2,0,0,0,200.0,0.0,0,20000.0,0
2,0,0,0,3500.0,0.0,0,80000.0,0
2,0,0,0,200.0,0.0,0,200.0,0
2,0,0,0,190.0,0.0,0,29000.0,3
2,0,0,0,162.0,0.0,0,150.0,1
2,0,0,0,0.0,0.0,0,38000.0,3
2,0,0,0,3485.0,0.0,0,2500000.0,0
2,0,0,0,3049.0,0.0,0,3100000.0,0
2,0,0,0,30000.0,0.0,0,2250000.0,0
2,0,0,0,40511.0,0.0,0,4449000.0,0
2,0,0,0,2614.0,0.0,0,29900.0,0
2,0,0,0,30056.0,0.0,0,2900000.0,0
2,0,0,0,2781.0,0.0,0,25000.0,0
2,0,0,0,3024.0,0.0,0,229999.0,0
2,0,0,0,0.0,0.0,0,1195000.0,0
2,0,0,0,5663.0,0.0,0,39000.0,0
2,0,0,0,2800.0,0.0,0,25000.0,0
2,0,0,0,12250.0,0.0,0,2200000.0,0
2,0,0,0,2614.0,0.0,0,25000.0,0
2,0,0,0,2614.0,0.0,0,25000.0,0
2,0,0,0,2614.0,0.0,0,45000.0,0
2,0,0,0,0.0,0.0,0,25000.0,0
2,0,0,0,0.0,0.0,0,19900.0,0
2,0,0,0,2614.0,0.0,0,25000.0,0
2,0,0,0,4356.0,0.0,0,60000.0,0
2,0,0,0,0.0,0.0,0,29000.0,0
2,0,0,0,3049.0,0.0,0,235000.0,0
2,0,0,0,2875.0,0.0,0,125000.0,0
2,0,0,0,3049.0,0.0,0,60000.0,0
2,0,0,0,3920.0,0.0,0,249000.0,0
2,0,0,0,160.0,0.0,0,200.0,0
2,0,0,0,3125.0,0.0,0,30000.0,0
2,0,0,0,22875.0,0.0,0,3499000.0,0
2,0,0,0,3049.0,0.0,0,30000.0,0
2,0,0,0,2614.0,0.0,0,60000.0,0
2,0,0,0,7405.0,0.0,0,314900.0,0
2,0,0,0,3920.0,0.0,0,0.0,0
2,0,0,0,23850.0,0.0,0,60000.0,0
2,0,0,0,4125.0,0.0,0,30000.0,0
2,0,0,0,3049.0,0.0,0,30000.0,0
2,0,0,0,6534.0,0.0,0,100000.0,0
2,0,0,0,4356.0,0.0,0,75000.0,0
2,0,0,0,2614.0,0.0,0,70000.0,0
2,0,0,0,3049.0,0.0,0,199000.0,0
2,0,0,0,15280.0,0.0,0,200000.0,0
2,0,0,0,3049.0,0.0,0,225000.0,0
2,0,0,0,3049.0,0.0,0,185000.0,0
2,0,0,0,5227.0,0.0,0,949000.0,0
2,0,0,0,3049.0,0.0,0,30000.0,0
2,0,0,0,3485.0,0.0,0,30000.0,0
2,0,0,0,153.0,0.0,0,21500.0,0
2,0,0,0,6534.0,0.0,0,200000.0,0
2,0,0,0,3485.0,0.0,0,30000.0,0
2,0,0,0,27007.0,0.0,0,1995000.0,0
2,0,0,0,7405.0,0.0,0,1600000.0,0
2,0,0,0,6191.0,0.0,0,30000.0,0
2,0,0,0,168577.0,0.0,0,325000.0,0
